courseId,courseOfferNumber,termCode,termDescription,sessionCode,classSection,classMtgNbr,classMeetingDescription,meetingTimeStart,meetingTimeEnd,mon,tues,wed,thurs,fri,sat,sun,startDt,endDt,facilityId,facilityDescription,academicCareer
104039,1,2172,2017 Spring,1,01PC,1,Pastoral Care & Counseling,,,N,N,N,N,N,N,N,23-Jan-17,26-Apr-17, ,,HDS
104039,1,2172,2017 Spring,1,01PW,1,Preaching & Worship,,,N,N,N,N,N,N,N,23-Jan-17,26-Apr-17, ,,HDS
104039,1,2172,2017 Spring,1,01RE,1,Religious Education,,,N,N,N,N,N,N,N,23-Jan-17,26-Apr-17, ,,HDS
104039,1,2172,2017 Spring,1,1,1, ,01-JAN-00 04.00.00.000000000 PM,01-JAN-00 05.29.00.000000000 PM,Y,N,Y,N,N,N,N,23-Jan-17,26-Apr-17, ,,HDS
105609,1,2178,2017 Fall,1,1,1, ,01-JAN-00 02.00.00.000000000 PM,01-JAN-00 03.29.00.000000000 PM,N,N,Y,N,N,N,N,30-Aug-17,20-Dec-17, ,,HDS
108354,1,2172,2017 Spring,1,1,1, ,,,N,N,N,N,N,N,N,23-Jan-17,26-Apr-17, ,,FAS
108355,1,2172,2017 Spring,1,1,1, ,,,N,N,N,N,N,N,N,23-Jan-17,26-Apr-17, ,,FAS
108356,1,2172,2017 Spring,1,1,1, ,,,N,N,N,N,N,N,N,23-Jan-17,26-Apr-17, ,,FAS
108374,1,2172,2017 Spring,1,1,1, ,,,N,N,N,N,N,N,N,23-Jan-17,26-Apr-17, ,,FAS
108389,1,2172,2017 Spring,1,1,1, ,01-JAN-00 01.30.00.000000000 PM,01-JAN-00 03.29.00.000000000 PM,Y,N,N,N,N,N,N,23-Jan-17,26-Apr-17, ,,FAS
108446,1,2172,2017 Spring,1,1,1, ,,,N,N,N,N,N,N,N,23-Jan-17,26-Apr-17, ,,FAS
108446,1,2172,2017 Spring,1,2,1, ,,,N,N,N,N,N,N,N,23-Jan-17,26-Apr-17, ,,FAS
108446,1,2172,2017 Spring,1,4,1, ,,,N,N,N,N,N,N,N,23-Jan-17,26-Apr-17, ,,FAS
108447,1,2172,2017 Spring,1,1,1, ,,,N,N,N,N,N,N,N,23-Jan-17,26-Apr-17, ,,FAS
108447,1,2172,2017 Spring,1,2,1, ,,,N,N,N,N,N,N,N,23-Jan-17,26-Apr-17, ,,FAS
108447,1,2172,2017 Spring,1,3,1, ,,,N,N,N,N,N,N,N,23-Jan-17,26-Apr-17, ,,FAS
108447,1,2172,2017 Spring,1,5,1, ,,,N,N,N,N,N,N,N,23-Jan-17,26-Apr-17, ,,FAS
108465,1,2172,2017 Spring,1,1,1, ,01-JAN-00 10.00.00.000000000 AM,01-JAN-00 11.29.00.000000000 AM,N,Y,N,Y,N,N,N,23-Jan-17,26-Apr-17, ,,FAS
108513,1,2172,2017 Spring,1,1,1, ,01-JAN-00 03.00.00.000000000 PM,01-JAN-00 04.59.00.000000000 PM,N,N,N,Y,N,N,N,23-Jan-17,26-Apr-17, ,,FAS
108564,1,2172,2017 Spring,1,1,1, ,01-JAN-00 02.00.00.000000000 PM,01-JAN-00 03.59.00.000000000 PM,Y,N,N,N,N,N,N,23-Jan-17,26-Apr-17, ,,FAS
108639,1,2172,2017 Spring,1,1,1, ,,,N,N,N,N,N,N,N,23-Jan-17,26-Apr-17, ,,FAS
108694,1,2172,2017 Spring,1,1,1, ,01-JAN-00 12.00.00.000000000 PM,01-JAN-00 01.29.00.000000000 PM,Y,N,N,N,N,N,N,23-Jan-17,26-Apr-17, ,,FAS
108694,1,2172,2017 Spring,1,1,2, ,01-JAN-00 06.00.00.000000000 PM,01-JAN-00 07.59.00.000000000 PM,Y,N,N,N,N,N,N,23-Jan-17,26-Apr-17, ,,FAS
108705,1,2172,2017 Spring,1,1,1, ,,,N,N,N,N,N,N,N,23-Jan-17,26-Apr-17, ,,FAS
109282,1,2172,2017 Spring,1,1,1, ,01-JAN-00 02.30.00.000000000 PM,01-JAN-00 03.59.00.000000000 PM,N,N,Y,N,Y,N,N,23-Jan-17,26-Apr-17, ,,FAS
110256,1,2172,2017 Spring,1,1,1, ,,,N,N,N,N,N,N,N,23-Jan-17,26-Apr-17, ,,FAS
110257,1,2172,2017 Spring,1,1,1, ,,,N,N,N,N,N,N,N,23-Jan-17,26-Apr-17, ,,FAS
110258,1,2172,2017 Spring,1,1,1, ,,,N,N,N,N,N,N,N,23-Jan-17,26-Apr-17, ,,FAS
110261,1,2172,2017 Spring,1,1,1, ,,,N,N,N,N,N,N,N,23-Jan-17,26-Apr-17, ,,FAS
110263,1,2172,2017 Spring,1,1,1, ,,,N,N,N,N,N,N,N,23-Jan-17,26-Apr-17, ,,FAS
110265,1,2172,2017 Spring,1,1,1, ,,,N,N,N,N,N,N,N,23-Jan-17,26-Apr-17, ,,FAS
110267,1,2172,2017 Spring,1,1,1, ,,,N,N,N,N,N,N,N,23-Jan-17,26-Apr-17, ,,FAS
110272,1,2172,2017 Spring,1,1,1, ,,,N,N,N,N,N,N,N,23-Jan-17,26-Apr-17, ,,FAS
110309,1,2172,2017 Spring,1,1,1, ,01-JAN-00 05.00.00.000000000 PM,01-JAN-00 06.59.00.000000000 PM,N,N,Y,N,N,N,N,23-Jan-17,26-Apr-17, ,,FAS
110310,1,2172,2017 Spring,1,1,1, ,01-JAN-00 05.00.00.000000000 PM,01-JAN-00 06.59.00.000000000 PM,N,Y,N,N,N,N,N,23-Jan-17,26-Apr-17, ,,FAS
110362,1,2172,2017 Spring,1,1,1, ,01-JAN-00 01.00.00.000000000 PM,01-JAN-00 03.59.00.000000000 PM,N,Y,N,Y,N,N,N,23-Jan-17,26-Apr-17, ,,FAS
110387,1,2172,2017 Spring,1,1,1, ,,,N,N,N,N,N,N,N,23-Jan-17,26-Apr-17, ,,FAS
110390,1,2172,2017 Spring,1,1,1, ,,,N,N,N,N,N,N,N,23-Jan-17,26-Apr-17, ,,FAS
110416,1,2172,2017 Spring,1,1,1, ,,,N,N,N,N,N,N,N,23-Jan-17,26-Apr-17, ,,FAS
110421,1,2172,2017 Spring,1,1,1, ,,,N,N,N,N,N,N,N,23-Jan-17,26-Apr-17, ,,FAS
110451,1,2172,2017 Spring,1,1,1, ,01-JAN-00 01.00.00.000000000 PM,01-JAN-00 02.29.00.000000000 PM,Y,N,Y,N,N,N,N,23-Jan-17,26-Apr-17, ,,FAS
110451,1,2172,2017 Spring,1,D05,1, ,01-JAN-00 01.00.00.000000000 PM,01-JAN-00 01.59.00.000000000 PM,N,N,N,N,Y,N,N,23-Jan-17,26-Apr-17, ,,FAS
110451,1,2172,2017 Spring,1,D01,1, ,01-JAN-00 04.00.00.000000000 PM,01-JAN-00 04.59.00.000000000 PM,N,N,Y,N,N,N,N,23-Jan-17,26-Apr-17, ,,FAS
110451,1,2172,2017 Spring,1,D02,1, ,01-JAN-00 10.00.00.000000000 AM,01-JAN-00 10.59.00.000000000 AM,N,N,N,Y,N,N,N,23-Jan-17,26-Apr-17, ,,FAS
110451,1,2172,2017 Spring,1,D03,1, ,01-JAN-00 01.00.00.000000000 PM,01-JAN-00 01.59.00.000000000 PM,N,N,N,Y,N,N,N,23-Jan-17,26-Apr-17, ,,FAS
110451,1,2172,2017 Spring,1,D04,1, ,01-JAN-00 10.00.00.000000000 AM,01-JAN-00 10.59.00.000000000 AM,N,N,N,N,Y,N,N,23-Jan-17,26-Apr-17, ,,FAS
110488,1,2172,2017 Spring,1,1,1, ,,,N,N,N,N,N,N,N,23-Jan-17,26-Apr-17, ,,FAS
110641,1,2172,2017 Spring,1,1,1, ,01-JAN-00 09.00.00.000000000 AM,01-JAN-00 09.59.00.000000000 AM,Y,Y,Y,Y,N,N,N,23-Jan-17,26-Apr-17, ,,FAS
110641,1,2172,2017 Spring,1,2,1, ,01-JAN-00 12.00.00.000000000 PM,01-JAN-00 12.59.00.000000000 PM,Y,Y,Y,Y,N,N,N,23-Jan-17,26-Apr-17, ,,FAS
110816,1,2172,2017 Spring,1,1,1, ,,,N,N,N,N,N,N,N,23-Jan-17,26-Apr-17, ,,FAS
110817,1,2172,2017 Spring,1,1,1, ,,,N,N,N,N,N,N,N,23-Jan-17,26-Apr-17, ,,FAS
110818,1,2172,2017 Spring,1,1,1, ,01-JAN-00 02.00.00.000000000 PM,01-JAN-00 03.59.00.000000000 PM,N,N,Y,N,N,N,N,23-Jan-17,26-Apr-17, ,,FAS
110822,1,2172,2017 Spring,1,1,1, ,,,N,N,N,N,N,N,N,23-Jan-17,26-Apr-17, ,,FAS
110836,1,2172,2017 Spring,1,1,1, ,01-JAN-00 02.00.00.000000000 PM,01-JAN-00 03.59.00.000000000 PM,N,N,N,Y,N,N,N,23-Jan-17,26-Apr-17, ,,FAS
110837,1,2172,2017 Spring,1,1,1, ,,,N,N,N,N,N,N,N,23-Jan-17,26-Apr-17, ,,FAS
110852,1,2172,2017 Spring,1,1,1, ,,,N,N,N,N,N,N,N,23-Jan-17,26-Apr-17, ,,FAS
110855,1,2172,2017 Spring,1,1,1, ,01-JAN-00 10.00.00.000000000 AM,01-JAN-00 10.59.00.000000000 AM,Y,N,Y,N,Y,N,N,23-Jan-17,26-Apr-17, ,,FAS
110857,1,2172,2017 Spring,1,1,1, ,,,N,N,N,N,N,N,N,23-Jan-17,26-Apr-17, ,,FAS
110882,1,2172,2017 Spring,1,1,1, ,,,N,N,N,N,N,N,N,23-Jan-17,26-Apr-17, ,,FAS
111023,1,2172,2017 Spring,1,10,1, ,,,N,N,N,N,N,N,N,23-Jan-17,26-Apr-17, ,,FAS
111023,1,2172,2017 Spring,1,11,1, ,,,N,N,N,N,N,N,N,23-Jan-17,26-Apr-17, ,,FAS
111023,1,2172,2017 Spring,1,12,1, ,,,N,N,N,N,N,N,N,23-Jan-17,26-Apr-17, ,,FAS
111023,1,2172,2017 Spring,1,13,1, ,,,N,N,N,N,N,N,N,23-Jan-17,26-Apr-17, ,,FAS
111023,1,2172,2017 Spring,1,14,1, ,,,N,N,N,N,N,N,N,23-Jan-17,26-Apr-17, ,,FAS
111023,1,2172,2017 Spring,1,15,1, ,,,N,N,N,N,N,N,N,23-Jan-17,26-Apr-17, ,,FAS
111023,1,2172,2017 Spring,1,16,1, ,,,N,N,N,N,N,N,N,23-Jan-17,26-Apr-17, ,,FAS
111023,1,2172,2017 Spring,1,1,1, ,,,N,N,N,N,N,N,N,23-Jan-17,26-Apr-17, ,,FAS
111023,1,2172,2017 Spring,1,2,1, ,,,N,N,N,N,N,N,N,23-Jan-17,26-Apr-17, ,,FAS
111023,1,2172,2017 Spring,1,3,1, ,,,N,N,N,N,N,N,N,23-Jan-17,26-Apr-17, ,,FAS
111023,1,2172,2017 Spring,1,4,1, ,,,N,N,N,N,N,N,N,23-Jan-17,26-Apr-17, ,,FAS
111023,1,2172,2017 Spring,1,5,1, ,,,N,N,N,N,N,N,N,23-Jan-17,26-Apr-17, ,,FAS
111023,1,2172,2017 Spring,1,6,1, ,,,N,N,N,N,N,N,N,23-Jan-17,26-Apr-17, ,,FAS
111023,1,2172,2017 Spring,1,7,1, ,,,N,N,N,N,N,N,N,23-Jan-17,26-Apr-17, ,,FAS
111023,1,2172,2017 Spring,1,8,1, ,,,N,N,N,N,N,N,N,23-Jan-17,26-Apr-17, ,,FAS
111023,1,2172,2017 Spring,1,9,1, ,,,N,N,N,N,N,N,N,23-Jan-17,26-Apr-17, ,,FAS
111117,1,2172,2017 Spring,1,1,1, ,,,N,N,N,N,N,N,N,23-Jan-17,26-Apr-17, ,,FAS
111117,1,2172,2017 Spring,1,2,1, ,,,N,N,N,N,N,N,N,23-Jan-17,26-Apr-17, ,,FAS
111117,1,2172,2017 Spring,1,3,1, ,,,N,N,N,N,N,N,N,23-Jan-17,26-Apr-17, ,,FAS
111117,1,2172,2017 Spring,1,4,1, ,,,N,N,N,N,N,N,N,23-Jan-17,26-Apr-17, ,,FAS
111117,1,2172,2017 Spring,1,5,1, ,,,N,N,N,N,N,N,N,23-Jan-17,26-Apr-17, ,,FAS
111117,1,2172,2017 Spring,1,6,1, ,,,N,N,N,N,N,N,N,23-Jan-17,26-Apr-17, ,,FAS
111117,1,2172,2017 Spring,1,7,1, ,,,N,N,N,N,N,N,N,23-Jan-17,26-Apr-17, ,,FAS
111117,1,2172,2017 Spring,1,9,1, ,,,N,N,N,N,N,N,N,23-Jan-17,26-Apr-17, ,,FAS
111117,1,2172,2017 Spring,1,10,1, ,,,N,N,N,N,N,N,N,23-Jan-17,26-Apr-17, ,,FAS
111117,1,2172,2017 Spring,1,11,1, ,,,N,N,N,N,N,N,N,23-Jan-17,26-Apr-17, ,,FAS
111117,1,2172,2017 Spring,1,12,1, ,,,N,N,N,N,N,N,N,23-Jan-17,26-Apr-17, ,,FAS
111117,1,2172,2017 Spring,1,13,1, ,,,N,N,N,N,N,N,N,23-Jan-17,26-Apr-17, ,,FAS
111117,1,2172,2017 Spring,1,14,1, ,,,N,N,N,N,N,N,N,23-Jan-17,26-Apr-17, ,,FAS
111117,1,2172,2017 Spring,1,15,1, ,,,N,N,N,N,N,N,N,23-Jan-17,26-Apr-17, ,,FAS
111117,1,2172,2017 Spring,1,16,1, ,,,N,N,N,N,N,N,N,23-Jan-17,26-Apr-17, ,,FAS
111117,1,2172,2017 Spring,1,17,1, ,,,N,N,N,N,N,N,N,23-Jan-17,26-Apr-17, ,,FAS
111117,1,2172,2017 Spring,1,18,1, ,,,N,N,N,N,N,N,N,23-Jan-17,26-Apr-17, ,,FAS
111117,1,2172,2017 Spring,1,19,1, ,,,N,N,N,N,N,N,N,23-Jan-17,26-Apr-17, ,,FAS
111117,1,2172,2017 Spring,1,20,1, ,,,N,N,N,N,N,N,N,23-Jan-17,26-Apr-17, ,,FAS
111117,1,2172,2017 Spring,1,21,1, ,,,N,N,N,N,N,N,N,23-Jan-17,26-Apr-17, ,,FAS
111117,1,2172,2017 Spring,1,22,1, ,,,N,N,N,N,N,N,N,23-Jan-17,26-Apr-17, ,,FAS
111117,1,2172,2017 Spring,1,23,1, ,,,N,N,N,N,N,N,N,23-Jan-17,26-Apr-17, ,,FAS
111117,1,2172,2017 Spring,1,24,1, ,,,N,N,N,N,N,N,N,23-Jan-17,26-Apr-17, ,,FAS
111117,1,2172,2017 Spring,1,25,1, ,,,N,N,N,N,N,N,N,23-Jan-17,26-Apr-17, ,,FAS
111117,1,2172,2017 Spring,1,26,1, ,,,N,N,N,N,N,N,N,23-Jan-17,26-Apr-17, ,,FAS
111117,1,2172,2017 Spring,1,27,1, ,,,N,N,N,N,N,N,N,23-Jan-17,26-Apr-17, ,,FAS
111117,1,2172,2017 Spring,1,28,1, ,,,N,N,N,N,N,N,N,23-Jan-17,26-Apr-17, ,,FAS
111117,1,2172,2017 Spring,1,29,1, ,,,N,N,N,N,N,N,N,23-Jan-17,26-Apr-17, ,,FAS
111117,1,2172,2017 Spring,1,30,1, ,,,N,N,N,N,N,N,N,23-Jan-17,26-Apr-17, ,,FAS
111117,1,2172,2017 Spring,1,31,1, ,,,N,N,N,N,N,N,N,23-Jan-17,26-Apr-17, ,,FAS
111117,1,2172,2017 Spring,1,32,1, ,,,N,N,N,N,N,N,N,23-Jan-17,26-Apr-17, ,,FAS
111117,1,2172,2017 Spring,1,33,1, ,,,N,N,N,N,N,N,N,23-Jan-17,26-Apr-17, ,,FAS
111117,1,2172,2017 Spring,1,34,1, ,,,N,N,N,N,N,N,N,23-Jan-17,26-Apr-17, ,,FAS
111117,1,2172,2017 Spring,1,35,1, ,,,N,N,N,N,N,N,N,23-Jan-17,26-Apr-17, ,,FAS
111117,1,2172,2017 Spring,1,36,1, ,,,N,N,N,N,N,N,N,23-Jan-17,26-Apr-17, ,,FAS
111117,1,2172,2017 Spring,1,37,1, ,,,N,N,N,N,N,N,N,23-Jan-17,26-Apr-17, ,,FAS
111117,1,2172,2017 Spring,1,38,1, ,,,N,N,N,N,N,N,N,23-Jan-17,26-Apr-17, ,,FAS
111117,1,2172,2017 Spring,1,39,1, ,,,N,N,N,N,N,N,N,23-Jan-17,26-Apr-17, ,,FAS
111117,1,2172,2017 Spring,1,40,1, ,,,N,N,N,N,N,N,N,23-Jan-17,26-Apr-17, ,,FAS
111117,1,2172,2017 Spring,1,41,1, ,,,N,N,N,N,N,N,N,23-Jan-17,26-Apr-17, ,,FAS
111117,1,2172,2017 Spring,1,42,1, ,,,N,N,N,N,N,N,N,23-Jan-17,26-Apr-17, ,,FAS
111147,1,2172,2017 Spring,1,2,1, ,,,N,N,N,N,N,N,N,23-Jan-17,26-Apr-17, ,,FAS
111147,1,2172,2017 Spring,1,3,1, ,,,N,N,N,N,N,N,N,23-Jan-17,26-Apr-17, ,,FAS
111147,1,2172,2017 Spring,1,4,1, ,,,N,N,N,N,N,N,N,23-Jan-17,26-Apr-17, ,,FAS
111147,1,2172,2017 Spring,1,5,1, ,,,N,N,N,N,N,N,N,23-Jan-17,26-Apr-17, ,,FAS
111147,1,2172,2017 Spring,1,6,1, ,,,N,N,N,N,N,N,N,23-Jan-17,26-Apr-17, ,,FAS
111147,1,2172,2017 Spring,1,7,1, ,,,N,N,N,N,N,N,N,23-Jan-17,26-Apr-17, ,,FAS
111147,1,2172,2017 Spring,1,8,1, ,,,N,N,N,N,N,N,N,23-Jan-17,26-Apr-17, ,,FAS
111147,1,2172,2017 Spring,1,9,1, ,,,N,N,N,N,N,N,N,23-Jan-17,26-Apr-17, ,,FAS
111147,1,2172,2017 Spring,1,10,1, ,,,N,N,N,N,N,N,N,23-Jan-17,26-Apr-17, ,,FAS
111147,1,2172,2017 Spring,1,11,1, ,,,N,N,N,N,N,N,N,23-Jan-17,26-Apr-17, ,,FAS
111147,1,2172,2017 Spring,1,12,1, ,,,N,N,N,N,N,N,N,23-Jan-17,26-Apr-17, ,,FAS
111147,1,2172,2017 Spring,1,13,1, ,,,N,N,N,N,N,N,N,23-Jan-17,26-Apr-17, ,,FAS
111147,1,2172,2017 Spring,1,14,1, ,,,N,N,N,N,N,N,N,23-Jan-17,26-Apr-17, ,,FAS
111147,1,2172,2017 Spring,1,15,1, ,,,N,N,N,N,N,N,N,23-Jan-17,26-Apr-17, ,,FAS
111147,1,2172,2017 Spring,1,16,1, ,,,N,N,N,N,N,N,N,23-Jan-17,26-Apr-17, ,,FAS
111147,1,2172,2017 Spring,1,17,1, ,,,N,N,N,N,N,N,N,23-Jan-17,26-Apr-17, ,,FAS
111147,1,2172,2017 Spring,1,18,1, ,,,N,N,N,N,N,N,N,23-Jan-17,26-Apr-17, ,,FAS
111147,1,2172,2017 Spring,1,19,1, ,,,N,N,N,N,N,N,N,23-Jan-17,26-Apr-17, ,,FAS
111147,1,2172,2017 Spring,1,20,1, ,,,N,N,N,N,N,N,N,23-Jan-17,26-Apr-17, ,,FAS
111147,1,2172,2017 Spring,1,21,1, ,,,N,N,N,N,N,N,N,23-Jan-17,26-Apr-17, ,,FAS
111147,1,2172,2017 Spring,1,1,1, ,,,N,N,N,N,N,N,N,23-Jan-17,26-Apr-17, ,,FAS
111409,1,2172,2017 Spring,1,1,1, ,,,N,N,N,N,N,N,N,23-Jan-17,26-Apr-17, ,,FAS
111429,1,2172,2017 Spring,1,1,1, ,01-JAN-00 11.00.00.000000000 AM,01-JAN-00 11.59.00.000000000 AM,N,N,Y,N,N,N,N,23-Jan-17,26-Apr-17, ,,FAS
112083,1,2172,2017 Spring,1,1,1, ,,,N,N,N,N,N,N,N,23-Jan-17,26-Apr-17, ,,FAS
112091,1,2172,2017 Spring,1,1,1, ,,,N,N,N,N,N,N,N,23-Jan-17,26-Apr-17, ,,FAS
112092,1,2172,2017 Spring,1,1,1, ,,,N,N,N,N,N,N,N,23-Jan-17,26-Apr-17, ,,FAS
112119,1,2172,2017 Spring,1,1,1, ,,,N,N,N,N,N,N,N,23-Jan-17,26-Apr-17, ,,FAS
112128,1,2172,2017 Spring,1,1,1, ,,,N,N,N,N,N,N,N,23-Jan-17,26-Apr-17, ,,FAS
112135,1,2172,2017 Spring,1,1,1, ,,,N,N,N,N,N,N,N,23-Jan-17,26-Apr-17, ,,FAS
112139,1,2172,2017 Spring,1,1,1, ,01-JAN-00 02.00.00.000000000 PM,01-JAN-00 03.59.00.000000000 PM,N,Y,N,Y,N,N,N,23-Jan-17,26-Apr-17, ,,FAS
112211,1,2172,2017 Spring,1,1,1, ,,,N,N,N,N,N,N,N,23-Jan-17,26-Apr-17, ,,FAS
112340,1,2172,2017 Spring,1,1,1, ,01-JAN-00 10.00.00.000000000 AM,01-JAN-00 10.59.00.000000000 AM,Y,N,Y,N,Y,N,N,23-Jan-17,26-Apr-17, ,,FAS
112340,1,2172,2017 Spring,1,1,2, ,01-JAN-00 10.00.00.000000000 AM,01-JAN-00 11.29.00.000000000 AM,N,Y,N,Y,N,N,N,23-Jan-17,26-Apr-17, ,,FAS
112838,1,2172,2017 Spring,1,2,1, ,,,N,N,N,N,N,N,N,23-Jan-17,26-Apr-17, ,,FAS
112838,1,2172,2017 Spring,1,3,1, ,,,N,N,N,N,N,N,N,23-Jan-17,26-Apr-17, ,,FAS
112838,1,2172,2017 Spring,1,4,1, ,,,N,N,N,N,N,N,N,23-Jan-17,26-Apr-17, ,,FAS
112838,1,2172,2017 Spring,1,5,1, ,,,N,N,N,N,N,N,N,23-Jan-17,26-Apr-17, ,,FAS
112838,1,2172,2017 Spring,1,6,1, ,,,N,N,N,N,N,N,N,23-Jan-17,26-Apr-17, ,,FAS
112838,1,2172,2017 Spring,1,7,1, ,,,N,N,N,N,N,N,N,23-Jan-17,26-Apr-17, ,,FAS
112838,1,2172,2017 Spring,1,8,1, ,,,N,N,N,N,N,N,N,23-Jan-17,26-Apr-17, ,,FAS
112838,1,2172,2017 Spring,1,9,1, ,,,N,N,N,N,N,N,N,23-Jan-17,26-Apr-17, ,,FAS
112838,1,2172,2017 Spring,1,10,1, ,,,N,N,N,N,N,N,N,23-Jan-17,26-Apr-17, ,,FAS
112838,1,2172,2017 Spring,1,11,1, ,,,N,N,N,N,N,N,N,23-Jan-17,26-Apr-17, ,,FAS
112838,1,2172,2017 Spring,1,12,1, ,,,N,N,N,N,N,N,N,23-Jan-17,26-Apr-17, ,,FAS
112838,1,2172,2017 Spring,1,13,1, ,,,N,N,N,N,N,N,N,23-Jan-17,26-Apr-17, ,,FAS
112838,1,2172,2017 Spring,1,14,1, ,,,N,N,N,N,N,N,N,23-Jan-17,26-Apr-17, ,,FAS
112838,1,2172,2017 Spring,1,15,1, ,,,N,N,N,N,N,N,N,23-Jan-17,26-Apr-17, ,,FAS
112838,1,2172,2017 Spring,1,16,1, ,,,N,N,N,N,N,N,N,23-Jan-17,26-Apr-17, ,,FAS
112838,1,2172,2017 Spring,1,17,1, ,,,N,N,N,N,N,N,N,23-Jan-17,26-Apr-17, ,,FAS
112838,1,2172,2017 Spring,1,18,1, ,,,N,N,N,N,N,N,N,23-Jan-17,26-Apr-17, ,,FAS
112838,1,2172,2017 Spring,1,19,1, ,,,N,N,N,N,N,N,N,23-Jan-17,26-Apr-17, ,,FAS
112838,1,2172,2017 Spring,1,20,1, ,,,N,N,N,N,N,N,N,23-Jan-17,26-Apr-17, ,,FAS
112838,1,2172,2017 Spring,1,21,1, ,,,N,N,N,N,N,N,N,23-Jan-17,26-Apr-17, ,,FAS
112838,1,2172,2017 Spring,1,1,1, ,,,N,N,N,N,N,N,N,23-Jan-17,26-Apr-17, ,,FAS
112840,1,2172,2017 Spring,1,1,1, ,,,N,N,N,N,N,N,N,23-Jan-17,26-Apr-17, ,,FAS
112840,1,2172,2017 Spring,1,2,1, ,,,N,N,N,N,N,N,N,23-Jan-17,26-Apr-17, ,,FAS
112840,1,2172,2017 Spring,1,4,1, ,,,N,N,N,N,N,N,N,23-Jan-17,26-Apr-17, ,,FAS
112840,1,2172,2017 Spring,1,5,1, ,,,N,N,N,N,N,N,N,23-Jan-17,26-Apr-17, ,,FAS
112840,1,2172,2017 Spring,1,6,1, ,,,N,N,N,N,N,N,N,23-Jan-17,26-Apr-17, ,,FAS
112840,1,2172,2017 Spring,1,7,1, ,,,N,N,N,N,N,N,N,23-Jan-17,26-Apr-17, ,,FAS
112844,1,2172,2017 Spring,1,1,1, ,,,N,N,N,N,N,N,N,23-Jan-17,26-Apr-17, ,,FAS
112845,1,2172,2017 Spring,1,1,1, ,,,N,N,N,N,N,N,N,23-Jan-17,26-Apr-17, ,,FAS
112846,1,2172,2017 Spring,1,1,1, ,,,N,N,N,N,N,N,N,23-Jan-17,26-Apr-17, ,,FAS
112848,1,2172,2017 Spring,1,1,1, ,,,N,N,N,N,N,N,N,23-Jan-17,26-Apr-17, ,,FAS
112849,1,2172,2017 Spring,1,1,1, ,,,N,N,N,N,N,N,N,23-Jan-17,26-Apr-17, ,,FAS
112850,1,2172,2017 Spring,1,1,1, ,,,N,N,N,N,N,N,N,23-Jan-17,26-Apr-17, ,,FAS
112851,1,2172,2017 Spring,1,1,1, ,,,N,N,N,N,N,N,N,23-Jan-17,26-Apr-17, ,,FAS
112852,1,2172,2017 Spring,1,1,1, ,,,N,N,N,N,N,N,N,23-Jan-17,26-Apr-17, ,,FAS
112853,1,2172,2017 Spring,1,1,1, ,,,N,N,N,N,N,N,N,23-Jan-17,26-Apr-17, ,,FAS
112871,1,2172,2017 Spring,1,1,1, ,01-JAN-00 11.00.00.000000000 AM,01-JAN-00 11.59.00.000000000 AM,Y,N,Y,N,Y,N,N,23-Jan-17,26-Apr-17, ,,FAS
112938,1,2172,2017 Spring,1,3,1, ,,,N,N,N,N,N,N,N,23-Jan-17,26-Apr-17, ,,FAS
112938,1,2172,2017 Spring,1,4,1, ,,,N,N,N,N,N,N,N,23-Jan-17,26-Apr-17, ,,FAS
112938,1,2172,2017 Spring,1,5,1, ,,,N,N,N,N,N,N,N,23-Jan-17,26-Apr-17, ,,FAS
112938,1,2172,2017 Spring,1,6,1, ,,,N,N,N,N,N,N,N,23-Jan-17,26-Apr-17, ,,FAS
112938,1,2172,2017 Spring,1,7,1, ,,,N,N,N,N,N,N,N,23-Jan-17,26-Apr-17, ,,FAS
112938,1,2172,2017 Spring,1,8,1, ,,,N,N,N,N,N,N,N,23-Jan-17,26-Apr-17, ,,FAS
112938,1,2172,2017 Spring,1,9,1, ,,,N,N,N,N,N,N,N,23-Jan-17,26-Apr-17, ,,FAS
112938,1,2172,2017 Spring,1,10,1, ,,,N,N,N,N,N,N,N,23-Jan-17,26-Apr-17, ,,FAS
112938,1,2172,2017 Spring,1,2,1, ,,,N,N,N,N,N,N,N,23-Jan-17,26-Apr-17, ,,FAS
112938,1,2172,2017 Spring,1,1,1, ,,,N,N,N,N,N,N,N,23-Jan-17,26-Apr-17, ,,FAS
113257,1,2172,2017 Spring,1,1,1, ,,,N,N,N,N,N,N,N,23-Jan-17,26-Apr-17, ,,FAS
113489,1,2172,2017 Spring,1,1,1, ,,,N,N,N,N,N,N,N,23-Jan-17,26-Apr-17, ,,FAS
113583,1,2172,2017 Spring,1,2,1, ,,,N,N,N,N,N,N,N,23-Jan-17,26-Apr-17, ,,FAS
113583,1,2172,2017 Spring,1,3,1, ,,,N,N,N,N,N,N,N,23-Jan-17,26-Apr-17, ,,FAS
113583,1,2172,2017 Spring,1,4,1, ,,,N,N,N,N,N,N,N,23-Jan-17,26-Apr-17, ,,FAS
113583,1,2172,2017 Spring,1,5,1, ,,,N,N,N,N,N,N,N,23-Jan-17,26-Apr-17, ,,FAS
113583,1,2172,2017 Spring,1,6,1, ,,,N,N,N,N,N,N,N,23-Jan-17,26-Apr-17, ,,FAS
113583,1,2172,2017 Spring,1,7,1, ,,,N,N,N,N,N,N,N,23-Jan-17,26-Apr-17, ,,FAS
113583,1,2172,2017 Spring,1,8,1, ,,,N,N,N,N,N,N,N,23-Jan-17,26-Apr-17, ,,FAS
113583,1,2172,2017 Spring,1,9,1, ,,,N,N,N,N,N,N,N,23-Jan-17,26-Apr-17, ,,FAS
113583,1,2172,2017 Spring,1,10,1, ,,,N,N,N,N,N,N,N,23-Jan-17,26-Apr-17, ,,FAS
113583,1,2172,2017 Spring,1,11,1, ,,,N,N,N,N,N,N,N,23-Jan-17,26-Apr-17, ,,FAS
113583,1,2172,2017 Spring,1,12,1, ,,,N,N,N,N,N,N,N,23-Jan-17,26-Apr-17, ,,FAS
113583,1,2172,2017 Spring,1,13,1, ,,,N,N,N,N,N,N,N,23-Jan-17,26-Apr-17, ,,FAS
113583,1,2172,2017 Spring,1,14,1, ,,,N,N,N,N,N,N,N,23-Jan-17,26-Apr-17, ,,FAS
113583,1,2172,2017 Spring,1,15,1, ,,,N,N,N,N,N,N,N,23-Jan-17,26-Apr-17, ,,FAS
113583,1,2172,2017 Spring,1,16,1, ,,,N,N,N,N,N,N,N,23-Jan-17,26-Apr-17, ,,FAS
113583,1,2172,2017 Spring,1,17,1, ,,,N,N,N,N,N,N,N,23-Jan-17,26-Apr-17, ,,FAS
113583,1,2172,2017 Spring,1,18,1, ,,,N,N,N,N,N,N,N,23-Jan-17,26-Apr-17, ,,FAS
113583,1,2172,2017 Spring,1,19,1, ,,,N,N,N,N,N,N,N,23-Jan-17,26-Apr-17, ,,FAS
113583,1,2172,2017 Spring,1,20,1, ,,,N,N,N,N,N,N,N,23-Jan-17,26-Apr-17, ,,FAS
113583,1,2172,2017 Spring,1,21,1, ,,,N,N,N,N,N,N,N,23-Jan-17,26-Apr-17, ,,FAS
113583,1,2172,2017 Spring,1,22,1, ,,,N,N,N,N,N,N,N,23-Jan-17,26-Apr-17, ,,FAS
113583,1,2172,2017 Spring,1,23,1, ,,,N,N,N,N,N,N,N,23-Jan-17,26-Apr-17, ,,FAS
113583,1,2172,2017 Spring,1,24,1, ,,,N,N,N,N,N,N,N,23-Jan-17,26-Apr-17, ,,FAS
113583,1,2172,2017 Spring,1,25,1, ,,,N,N,N,N,N,N,N,23-Jan-17,26-Apr-17, ,,FAS
113583,1,2172,2017 Spring,1,1,1, ,,,N,N,N,N,N,N,N,23-Jan-17,26-Apr-17, ,,FAS
113633,1,2172,2017 Spring,1,2,1, ,,,N,N,N,N,N,N,N,23-Jan-17,26-Apr-17, ,,FAS
113633,1,2172,2017 Spring,1,4,1, ,,,N,N,N,N,N,N,N,23-Jan-17,26-Apr-17, ,,FAS
113633,1,2172,2017 Spring,1,5,1, ,,,N,N,N,N,N,N,N,23-Jan-17,26-Apr-17, ,,FAS
113633,1,2172,2017 Spring,1,6,1, ,,,N,N,N,N,N,N,N,23-Jan-17,26-Apr-17, ,,FAS
113633,1,2172,2017 Spring,1,1,1, ,,,N,N,N,N,N,N,N,23-Jan-17,26-Apr-17, ,,FAS
113814,1,2172,2017 Spring,1,1,1, ,01-JAN-00 12.00.00.000000000 PM,01-JAN-00 12.59.00.000000000 PM,Y,Y,Y,Y,N,N,N,23-Jan-17,26-Apr-17, ,,FAS
113934,1,2172,2017 Spring,1,3,1, ,,,N,N,N,N,N,N,N,23-Jan-17,26-Apr-17, ,,FAS
113934,1,2172,2017 Spring,1,5,1, ,,,N,N,N,N,N,N,N,23-Jan-17,26-Apr-17, ,,FAS
113934,1,2172,2017 Spring,1,7,1, ,,,N,N,N,N,N,N,N,23-Jan-17,26-Apr-17, ,,FAS
113934,1,2172,2017 Spring,1,8,1, ,,,N,N,N,N,N,N,N,23-Jan-17,26-Apr-17, ,,FAS
113934,1,2172,2017 Spring,1,9,1, ,,,N,N,N,N,N,N,N,23-Jan-17,26-Apr-17, ,,FAS
113934,1,2172,2017 Spring,1,10,1, ,,,N,N,N,N,N,N,N,23-Jan-17,26-Apr-17, ,,FAS
113934,1,2172,2017 Spring,1,11,1, ,,,N,N,N,N,N,N,N,23-Jan-17,26-Apr-17, ,,FAS
113934,1,2172,2017 Spring,1,12,1, ,,,N,N,N,N,N,N,N,23-Jan-17,26-Apr-17, ,,FAS
113934,1,2172,2017 Spring,1,13,1, ,,,N,N,N,N,N,N,N,23-Jan-17,26-Apr-17, ,,FAS
113934,1,2172,2017 Spring,1,14,1, ,,,N,N,N,N,N,N,N,23-Jan-17,26-Apr-17, ,,FAS
113934,1,2172,2017 Spring,1,15,1, ,,,N,N,N,N,N,N,N,23-Jan-17,26-Apr-17, ,,FAS
113934,1,2172,2017 Spring,1,17,1, ,,,N,N,N,N,N,N,N,23-Jan-17,26-Apr-17, ,,FAS
113934,1,2172,2017 Spring,1,18,1, ,,,N,N,N,N,N,N,N,23-Jan-17,26-Apr-17, ,,FAS
113934,1,2172,2017 Spring,1,19,1, ,,,N,N,N,N,N,N,N,23-Jan-17,26-Apr-17, ,,FAS
113934,1,2172,2017 Spring,1,20,1, ,,,N,N,N,N,N,N,N,23-Jan-17,26-Apr-17, ,,FAS
113934,1,2172,2017 Spring,1,21,1, ,,,N,N,N,N,N,N,N,23-Jan-17,26-Apr-17, ,,FAS
113934,1,2172,2017 Spring,1,22,1, ,,,N,N,N,N,N,N,N,23-Jan-17,26-Apr-17, ,,FAS
113934,1,2172,2017 Spring,1,23,1, ,,,N,N,N,N,N,N,N,23-Jan-17,26-Apr-17, ,,FAS
113934,1,2172,2017 Spring,1,24,1, ,,,N,N,N,N,N,N,N,23-Jan-17,26-Apr-17, ,,FAS
113934,1,2172,2017 Spring,1,26,1, ,,,N,N,N,N,N,N,N,23-Jan-17,26-Apr-17, ,,FAS
113947,1,2172,2017 Spring,1,1,1, ,,,N,N,N,N,N,N,N,23-Jan-17,26-Apr-17, ,,FAS
113947,1,2172,2017 Spring,1,2,1, ,,,N,N,N,N,N,N,N,23-Jan-17,26-Apr-17, ,,FAS
113947,1,2172,2017 Spring,1,3,1, ,,,N,N,N,N,N,N,N,23-Jan-17,26-Apr-17, ,,FAS
113947,1,2172,2017 Spring,1,4,1, ,,,N,N,N,N,N,N,N,23-Jan-17,26-Apr-17, ,,FAS
113947,1,2172,2017 Spring,1,5,1, ,,,N,N,N,N,N,N,N,23-Jan-17,26-Apr-17, ,,FAS
113947,1,2172,2017 Spring,1,6,1, ,,,N,N,N,N,N,N,N,23-Jan-17,26-Apr-17, ,,FAS
113947,1,2172,2017 Spring,1,7,1, ,,,N,N,N,N,N,N,N,23-Jan-17,26-Apr-17, ,,FAS
113947,1,2172,2017 Spring,1,8,1, ,,,N,N,N,N,N,N,N,23-Jan-17,26-Apr-17, ,,FAS
113947,1,2172,2017 Spring,1,9,1, ,,,N,N,N,N,N,N,N,23-Jan-17,26-Apr-17, ,,FAS
113947,1,2172,2017 Spring,1,10,1, ,,,N,N,N,N,N,N,N,23-Jan-17,26-Apr-17, ,,FAS
113947,1,2172,2017 Spring,1,11,1, ,,,N,N,N,N,N,N,N,23-Jan-17,26-Apr-17, ,,FAS
113957,1,2172,2017 Spring,1,1,1, ,,,N,N,N,N,N,N,N,23-Jan-17,26-Apr-17, ,,FAS
113960,1,2172,2017 Spring,1,2,1, ,,,N,N,N,N,N,N,N,23-Jan-17,26-Apr-17, ,,FAS
113960,1,2172,2017 Spring,1,3,1, ,,,N,N,N,N,N,N,N,23-Jan-17,26-Apr-17, ,,FAS
113960,1,2172,2017 Spring,1,4,1, ,,,N,N,N,N,N,N,N,23-Jan-17,26-Apr-17, ,,FAS
113960,1,2172,2017 Spring,1,5,1, ,,,N,N,N,N,N,N,N,23-Jan-17,26-Apr-17, ,,FAS
113960,1,2172,2017 Spring,1,6,1, ,,,N,N,N,N,N,N,N,23-Jan-17,26-Apr-17, ,,FAS
113960,1,2172,2017 Spring,1,7,1, ,,,N,N,N,N,N,N,N,23-Jan-17,26-Apr-17, ,,FAS
113960,1,2172,2017 Spring,1,8,1, ,,,N,N,N,N,N,N,N,23-Jan-17,26-Apr-17, ,,FAS
113960,1,2172,2017 Spring,1,9,1, ,,,N,N,N,N,N,N,N,23-Jan-17,26-Apr-17, ,,FAS
113960,1,2172,2017 Spring,1,10,1, ,,,N,N,N,N,N,N,N,23-Jan-17,26-Apr-17, ,,FAS
113960,1,2172,2017 Spring,1,11,1, ,,,N,N,N,N,N,N,N,23-Jan-17,26-Apr-17, ,,FAS
113960,1,2172,2017 Spring,1,12,1, ,,,N,N,N,N,N,N,N,23-Jan-17,26-Apr-17, ,,FAS
113960,1,2172,2017 Spring,1,13,1, ,,,N,N,N,N,N,N,N,23-Jan-17,26-Apr-17, ,,FAS
113960,1,2172,2017 Spring,1,14,1, ,,,N,N,N,N,N,N,N,23-Jan-17,26-Apr-17, ,,FAS
113960,1,2172,2017 Spring,1,1,1, ,,,N,N,N,N,N,N,N,23-Jan-17,26-Apr-17, ,,FAS
113960,1,2172,2017 Spring,1,15,1, ,,,N,N,N,N,N,N,N,23-Jan-17,26-Apr-17, ,,FAS
113960,1,2172,2017 Spring,1,16,1, ,,,N,N,N,N,N,N,N,23-Jan-17,26-Apr-17, ,,FAS
113960,1,2172,2017 Spring,1,17,1, ,,,N,N,N,N,N,N,N,23-Jan-17,26-Apr-17, ,,FAS
113960,1,2172,2017 Spring,1,18,1, ,,,N,N,N,N,N,N,N,23-Jan-17,26-Apr-17, ,,FAS
113960,1,2172,2017 Spring,1,19,1, ,,,N,N,N,N,N,N,N,23-Jan-17,26-Apr-17, ,,FAS
113960,1,2172,2017 Spring,1,20,1, ,,,N,N,N,N,N,N,N,23-Jan-17,26-Apr-17, ,,FAS
113960,1,2172,2017 Spring,1,21,1, ,,,N,N,N,N,N,N,N,23-Jan-17,26-Apr-17, ,,FAS
113960,1,2172,2017 Spring,1,22,1, ,,,N,N,N,N,N,N,N,23-Jan-17,26-Apr-17, ,,FAS
113960,1,2172,2017 Spring,1,23,1, ,,,N,N,N,N,N,N,N,23-Jan-17,26-Apr-17, ,,FAS
113960,1,2172,2017 Spring,1,24,1, ,,,N,N,N,N,N,N,N,23-Jan-17,26-Apr-17, ,,FAS
113960,1,2172,2017 Spring,1,25,1, ,,,N,N,N,N,N,N,N,23-Jan-17,26-Apr-17, ,,FAS
113960,1,2172,2017 Spring,1,26,1, ,,,N,N,N,N,N,N,N,23-Jan-17,26-Apr-17, ,,FAS
113960,1,2172,2017 Spring,1,27,1, ,,,N,N,N,N,N,N,N,23-Jan-17,26-Apr-17, ,,FAS
113960,1,2172,2017 Spring,1,28,1, ,,,N,N,N,N,N,N,N,23-Jan-17,26-Apr-17, ,,FAS
113968,1,2172,2017 Spring,1,1,1, ,01-JAN-00 10.00.00.000000000 AM,01-JAN-00 12.59.00.000000000 PM,N,N,N,N,Y,N,N,23-Jan-17,26-Apr-17, ,,FAS
113976,1,2172,2017 Spring,1,1,1, ,,,N,N,N,N,N,N,N,23-Jan-17,26-Apr-17, ,,FAS
113986,1,2172,2017 Spring,1,1,1, ,,,N,N,N,N,N,N,N,23-Jan-17,26-Apr-17, ,,FAS
113987,1,2172,2017 Spring,1,1,1, ,,,N,N,N,N,N,N,N,23-Jan-17,26-Apr-17, ,,FAS
114000,1,2172,2017 Spring,1,8,1, ,,,N,N,N,N,N,N,N,23-Jan-17,26-Apr-17, ,,FAS
114000,1,2172,2017 Spring,1,2,1, ,,,N,N,N,N,N,N,N,23-Jan-17,26-Apr-17, ,,FAS
114000,1,2172,2017 Spring,1,3,1, ,,,N,N,N,N,N,N,N,23-Jan-17,26-Apr-17, ,,FAS
114000,1,2172,2017 Spring,1,4,1, ,,,N,N,N,N,N,N,N,23-Jan-17,26-Apr-17, ,,FAS
114000,1,2172,2017 Spring,1,5,1, ,,,N,N,N,N,N,N,N,23-Jan-17,26-Apr-17, ,,FAS
114000,1,2172,2017 Spring,1,9,1, ,,,N,N,N,N,N,N,N,23-Jan-17,26-Apr-17, ,,FAS
114000,1,2172,2017 Spring,1,6,1, ,,,N,N,N,N,N,N,N,23-Jan-17,26-Apr-17, ,,FAS
114000,1,2172,2017 Spring,1,7,1, ,,,N,N,N,N,N,N,N,23-Jan-17,26-Apr-17, ,,FAS
114000,1,2172,2017 Spring,1,10,1, ,,,N,N,N,N,N,N,N,23-Jan-17,26-Apr-17, ,,FAS
114000,1,2172,2017 Spring,1,1,1, ,,,N,N,N,N,N,N,N,23-Jan-17,26-Apr-17, ,,FAS
114000,1,2172,2017 Spring,1,12,1, ,,,N,N,N,N,N,N,N,23-Jan-17,26-Apr-17, ,,FAS
114000,1,2172,2017 Spring,1,13,1, ,,,N,N,N,N,N,N,N,23-Jan-17,26-Apr-17, ,,FAS
114000,1,2172,2017 Spring,1,14,1, ,,,N,N,N,N,N,N,N,23-Jan-17,26-Apr-17, ,,FAS
114000,1,2172,2017 Spring,1,15,1, ,,,N,N,N,N,N,N,N,23-Jan-17,26-Apr-17, ,,FAS
114000,1,2172,2017 Spring,1,16,1, ,,,N,N,N,N,N,N,N,23-Jan-17,26-Apr-17, ,,FAS
114000,1,2172,2017 Spring,1,17,1, ,,,N,N,N,N,N,N,N,23-Jan-17,26-Apr-17, ,,FAS
114008,1,2172,2017 Spring,1,1,1, ,01-JAN-00 01.30.00.000000000 PM,01-JAN-00 02.59.00.000000000 PM,N,N,Y,N,Y,N,N,23-Jan-17,26-Apr-17, ,,FAS
114008,1,2172,2017 Spring,1,001D,1, ,,,N,N,N,N,N,N,N,23-Jan-17,26-Apr-17, ,,FAS
114009,1,2172,2017 Spring,1,1,1, ,,,N,N,N,N,N,N,N,23-Jan-17,26-Apr-17, ,,FAS
114014,1,2172,2017 Spring,1,1,1, ,,,N,N,N,N,N,N,N,23-Jan-17,26-Apr-17, ,,FAS
114035,1,2172,2017 Spring,1,1,1, ,,,N,N,N,N,N,N,N,23-Jan-17,26-Apr-17, ,,FAS
114050,1,2172,2017 Spring,1,2,1, ,,,N,N,N,N,N,N,N,23-Jan-17,26-Apr-17, ,,FAS
114050,1,2172,2017 Spring,1,3,1, ,,,N,N,N,N,N,N,N,23-Jan-17,26-Apr-17, ,,FAS
114050,1,2172,2017 Spring,1,4,1, ,,,N,N,N,N,N,N,N,23-Jan-17,26-Apr-17, ,,FAS
114050,1,2172,2017 Spring,1,5,1, ,,,N,N,N,N,N,N,N,23-Jan-17,26-Apr-17, ,,FAS
114050,1,2172,2017 Spring,1,6,1, ,,,N,N,N,N,N,N,N,23-Jan-17,26-Apr-17, ,,FAS
114050,1,2172,2017 Spring,1,7,1, ,,,N,N,N,N,N,N,N,23-Jan-17,26-Apr-17, ,,FAS
114050,1,2172,2017 Spring,1,8,1, ,,,N,N,N,N,N,N,N,23-Jan-17,26-Apr-17, ,,FAS
114050,1,2172,2017 Spring,1,9,1, ,,,N,N,N,N,N,N,N,23-Jan-17,26-Apr-17, ,,FAS
114050,1,2172,2017 Spring,1,10,1, ,,,N,N,N,N,N,N,N,23-Jan-17,26-Apr-17, ,,FAS
114050,1,2172,2017 Spring,1,11,1, ,,,N,N,N,N,N,N,N,23-Jan-17,26-Apr-17, ,,FAS
114050,1,2172,2017 Spring,1,12,1, ,,,N,N,N,N,N,N,N,23-Jan-17,26-Apr-17, ,,FAS
114050,1,2172,2017 Spring,1,13,1, ,,,N,N,N,N,N,N,N,23-Jan-17,26-Apr-17, ,,FAS
114050,1,2172,2017 Spring,1,14,1, ,,,N,N,N,N,N,N,N,23-Jan-17,26-Apr-17, ,,FAS
114050,1,2172,2017 Spring,1,1,1, ,,,N,N,N,N,N,N,N,23-Jan-17,26-Apr-17, ,,FAS
114050,1,2172,2017 Spring,1,15,1, ,,,N,N,N,N,N,N,N,23-Jan-17,26-Apr-17, ,,FAS
114050,1,2172,2017 Spring,1,16,1, ,,,N,N,N,N,N,N,N,23-Jan-17,26-Apr-17, ,,FAS
114050,1,2172,2017 Spring,1,17,1, ,,,N,N,N,N,N,N,N,23-Jan-17,26-Apr-17, ,,FAS
114050,1,2172,2017 Spring,1,18,1, ,,,N,N,N,N,N,N,N,23-Jan-17,26-Apr-17, ,,FAS
114050,1,2172,2017 Spring,1,19,1, ,,,N,N,N,N,N,N,N,23-Jan-17,26-Apr-17, ,,FAS
114050,1,2172,2017 Spring,1,20,1, ,,,N,N,N,N,N,N,N,23-Jan-17,26-Apr-17, ,,FAS
114050,1,2172,2017 Spring,1,21,1, ,,,N,N,N,N,N,N,N,23-Jan-17,26-Apr-17, ,,FAS
114050,1,2172,2017 Spring,1,22,1, ,,,N,N,N,N,N,N,N,23-Jan-17,26-Apr-17, ,,FAS
114050,1,2172,2017 Spring,1,23,1, ,,,N,N,N,N,N,N,N,23-Jan-17,26-Apr-17, ,,FAS
114050,1,2172,2017 Spring,1,24,1, ,,,N,N,N,N,N,N,N,23-Jan-17,26-Apr-17, ,,FAS
114050,1,2172,2017 Spring,1,25,1, ,,,N,N,N,N,N,N,N,23-Jan-17,26-Apr-17, ,,FAS
114050,1,2172,2017 Spring,1,26,1, ,,,N,N,N,N,N,N,N,23-Jan-17,26-Apr-17, ,,FAS
114050,1,2172,2017 Spring,1,27,1, ,,,N,N,N,N,N,N,N,23-Jan-17,26-Apr-17, ,,FAS
114050,1,2172,2017 Spring,1,28,1, ,,,N,N,N,N,N,N,N,23-Jan-17,26-Apr-17, ,,FAS
114050,1,2172,2017 Spring,1,29,1, ,,,N,N,N,N,N,N,N,23-Jan-17,26-Apr-17, ,,FAS
114050,1,2172,2017 Spring,1,30,1, ,,,N,N,N,N,N,N,N,23-Jan-17,26-Apr-17, ,,FAS
114050,1,2172,2017 Spring,1,31,1, ,,,N,N,N,N,N,N,N,23-Jan-17,26-Apr-17, ,,FAS
114050,1,2172,2017 Spring,1,32,1, ,,,N,N,N,N,N,N,N,23-Jan-17,26-Apr-17, ,,FAS
114050,1,2172,2017 Spring,1,33,1, ,,,N,N,N,N,N,N,N,23-Jan-17,26-Apr-17, ,,FAS
114050,1,2172,2017 Spring,1,34,1, ,,,N,N,N,N,N,N,N,23-Jan-17,26-Apr-17, ,,FAS
114050,1,2172,2017 Spring,1,35,1, ,,,N,N,N,N,N,N,N,23-Jan-17,26-Apr-17, ,,FAS
114050,1,2172,2017 Spring,1,36,1, ,,,N,N,N,N,N,N,N,23-Jan-17,26-Apr-17, ,,FAS
114050,1,2172,2017 Spring,1,37,1, ,,,N,N,N,N,N,N,N,23-Jan-17,26-Apr-17, ,,FAS
114050,1,2172,2017 Spring,1,38,1, ,,,N,N,N,N,N,N,N,23-Jan-17,26-Apr-17, ,,FAS
114054,1,2172,2017 Spring,1,1,1, ,,,N,N,N,N,N,N,N,23-Jan-17,26-Apr-17, ,,FAS
114061,1,2172,2017 Spring,1,1,1, ,,,N,N,N,N,N,N,N,23-Jan-17,26-Apr-17, ,,FAS
114061,1,2172,2017 Spring,1,2,1, ,,,N,N,N,N,N,N,N,23-Jan-17,26-Apr-17, ,,FAS
114061,1,2172,2017 Spring,1,3,1, ,,,N,N,N,N,N,N,N,23-Jan-17,26-Apr-17, ,,FAS
114061,1,2172,2017 Spring,1,4,1, ,,,N,N,N,N,N,N,N,23-Jan-17,26-Apr-17, ,,FAS
114061,1,2172,2017 Spring,1,5,1, ,,,N,N,N,N,N,N,N,23-Jan-17,26-Apr-17, ,,FAS
114061,1,2172,2017 Spring,1,6,1, ,,,N,N,N,N,N,N,N,23-Jan-17,26-Apr-17, ,,FAS
114073,1,2172,2017 Spring,1,1,1, ,,,N,N,N,N,N,N,N,23-Jan-17,26-Apr-17, ,,FAS
114080,1,2172,2017 Spring,1,1,1, ,,,N,N,N,N,N,N,N,23-Jan-17,26-Apr-17, ,,FAS
114133,1,2172,2017 Spring,1,1,1, ,01-JAN-00 01.00.00.000000000 PM,01-JAN-00 02.29.00.000000000 PM,N,Y,N,Y,N,N,N,23-Jan-17,26-Apr-17, ,,FAS
114133,1,2172,2017 Spring,1,1,1, ,01-JAN-00 05.00.00.000000000 PM,01-JAN-00 06.00.00.000000000 PM,N,Y,N,N,N,N,N,23-Jan-17,26-Apr-17, ,,FAS
114133,1,2172,2017 Spring,1,2,1, ,01-JAN-00 06.00.00.000000000 PM,01-JAN-00 07.00.00.000000000 PM,N,Y,N,N,N,N,N,23-Jan-17,26-Apr-17, ,,FAS
114133,1,2172,2017 Spring,1,3,1, ,01-JAN-00 01.30.00.000000000 PM,01-JAN-00 02.30.00.000000000 PM,N,N,Y,N,N,N,N,23-Jan-17,26-Apr-17, ,,FAS
114133,1,2172,2017 Spring,1,4,1, ,01-JAN-00 02.30.00.000000000 PM,01-JAN-00 03.30.00.000000000 PM,N,N,Y,N,N,N,N,23-Jan-17,26-Apr-17, ,,FAS
114200,1,2172,2017 Spring,1,5,1, ,01-JAN-00 09.00.00.000000000 AM,01-JAN-00 09.59.00.000000000 AM,Y,Y,Y,Y,N,N,N,23-Jan-17,26-Apr-17, ,,FAS
114200,1,2172,2017 Spring,1,6,1, ,01-JAN-00 10.00.00.000000000 AM,01-JAN-00 10.59.00.000000000 AM,Y,Y,Y,Y,N,N,N,23-Jan-17,26-Apr-17, ,,FAS
114200,1,2172,2017 Spring,1,7,1, ,01-JAN-00 11.00.00.000000000 AM,01-JAN-00 11.59.00.000000000 AM,Y,Y,Y,Y,N,N,N,23-Jan-17,26-Apr-17, ,,FAS
114200,1,2172,2017 Spring,1,8,1, ,01-JAN-00 12.00.00.000000000 PM,01-JAN-00 12.59.00.000000000 PM,Y,Y,Y,Y,N,N,N,23-Jan-17,26-Apr-17, ,,FAS
114200,1,2172,2017 Spring,1,1,1, ,01-JAN-00 09.00.00.000000000 AM,01-JAN-00 09.59.00.000000000 AM,Y,Y,Y,Y,N,N,N,23-Jan-17,26-Apr-17, ,,FAS
114200,1,2172,2017 Spring,1,2,1, ,01-JAN-00 10.00.00.000000000 AM,01-JAN-00 10.59.00.000000000 AM,Y,Y,Y,Y,N,N,N,23-Jan-17,26-Apr-17, ,,FAS
114200,1,2172,2017 Spring,1,3,1, ,01-JAN-00 11.00.00.000000000 AM,01-JAN-00 11.59.00.000000000 AM,Y,Y,Y,Y,N,N,N,23-Jan-17,26-Apr-17, ,,FAS
114200,1,2172,2017 Spring,1,4,1, ,01-JAN-00 12.00.00.000000000 PM,01-JAN-00 12.59.00.000000000 PM,Y,Y,Y,Y,N,N,N,23-Jan-17,26-Apr-17, ,,FAS
114944,1,2172,2017 Spring,1,1,1, ,01-JAN-00 01.00.00.000000000 PM,01-JAN-00 02.29.00.000000000 PM,N,Y,N,Y,N,N,N,23-Jan-17,26-Apr-17, ,,FAS
115000,1,2172,2017 Spring,1,1,1, ,,,N,N,N,N,N,N,N,23-Jan-17,26-Apr-17, ,,FAS
115026,1,2172,2017 Spring,1,1,1, ,01-JAN-00 02.30.00.000000000 PM,01-JAN-00 03.59.00.000000000 PM,N,Y,N,Y,N,N,N,23-Jan-17,26-Apr-17, ,,FAS
115094,1,2172,2017 Spring,1,1,1, ,,,N,N,N,N,N,N,N,23-Jan-17,26-Apr-17, ,,FAS
115102,1,2172,2017 Spring,1,1,1, ,,,N,N,N,N,N,N,N,23-Jan-17,26-Apr-17, ,,FAS
115113,1,2172,2017 Spring,1,1,1, ,,,N,N,N,N,N,N,N,23-Jan-17,26-Apr-17, ,,FAS
115123,1,2172,2017 Spring,1,1,1, ,01-JAN-00 11.00.00.000000000 AM,01-JAN-00 11.59.00.000000000 AM,Y,N,Y,N,Y,N,N,23-Jan-17,26-Apr-17, ,,FAS
115123,1,2172,2017 Spring,1,8,1, ,01-JAN-00 05.00.00.000000000 PM,01-JAN-00 06.29.00.000000000 PM,N,Y,N,N,N,N,N,23-Jan-17,26-Apr-17, ,,FAS
115123,1,2172,2017 Spring,1,2,1, ,01-JAN-00 03.00.00.000000000 PM,01-JAN-00 04.29.00.000000000 PM,Y,N,N,N,N,N,N,23-Jan-17,26-Apr-17, ,,FAS
115123,1,2172,2017 Spring,1,3,1, ,01-JAN-00 04.30.00.000000000 PM,01-JAN-00 05.59.00.000000000 PM,Y,N,N,N,N,N,N,23-Jan-17,26-Apr-17, ,,FAS
115123,1,2172,2017 Spring,1,4,1, ,01-JAN-00 03.00.00.000000000 PM,01-JAN-00 04.29.00.000000000 PM,N,Y,N,N,N,N,N,23-Jan-17,26-Apr-17, ,,FAS
115123,1,2172,2017 Spring,1,5,1, ,01-JAN-00 07.00.00.000000000 PM,01-JAN-00 08.29.00.000000000 PM,N,Y,N,N,N,N,N,23-Jan-17,26-Apr-17, ,,FAS
115123,1,2172,2017 Spring,1,6,1, ,01-JAN-00 03.00.00.000000000 PM,01-JAN-00 04.29.00.000000000 PM,N,N,Y,N,N,N,N,23-Jan-17,26-Apr-17, ,,FAS
115123,1,2172,2017 Spring,1,7,1, ,01-JAN-00 04.30.00.000000000 PM,01-JAN-00 05.59.00.000000000 PM,N,N,Y,N,N,N,N,23-Jan-17,26-Apr-17, ,,FAS
115128,1,2172,2017 Spring,1,1,1, ,,,N,N,N,N,N,N,N,23-Jan-17,26-Apr-17, ,,FAS
115694,1,2172,2017 Spring,1,1,1, ,,,N,N,N,N,N,N,N,23-Jan-17,26-Apr-17, ,,FAS
115734,1,2172,2017 Spring,1,1,1, ,01-JAN-00 11.30.00.000000000 AM,01-JAN-00 12.59.00.000000000 PM,N,Y,N,Y,N,N,N,23-Jan-17,26-Apr-17, ,,FAS
115778,1,2172,2017 Spring,1,1,1, ,01-JAN-00 04.00.00.000000000 PM,01-JAN-00 05.59.00.000000000 PM,Y,N,N,N,N,N,N,23-Jan-17,26-Apr-17, ,,FAS
115919,1,2172,2017 Spring,1,1,1, ,01-JAN-00 10.00.00.000000000 AM,01-JAN-00 11.29.00.000000000 AM,N,Y,N,Y,N,N,N,23-Jan-17,26-Apr-17, ,,FAS
115920,1,2172,2017 Spring,1,4,1, ,01-JAN-00 10.00.00.000000000 AM,01-JAN-00 11.29.00.000000000 AM,N,Y,N,Y,N,N,N,23-Jan-17,26-Apr-17, ,,FAS
115920,1,2172,2017 Spring,1,1,1, ,01-JAN-00 10.00.00.000000000 AM,01-JAN-00 11.29.00.000000000 AM,N,Y,N,Y,N,N,N,23-Jan-17,26-Apr-17, ,,FAS
115920,1,2172,2017 Spring,1,2,1, ,01-JAN-00 11.30.00.000000000 AM,01-JAN-00 12.59.00.000000000 PM,N,Y,N,Y,N,N,N,23-Jan-17,26-Apr-17, ,,FAS
115920,1,2172,2017 Spring,1,3,1, ,01-JAN-00 01.00.00.000000000 PM,01-JAN-00 02.29.00.000000000 PM,N,Y,N,Y,N,N,N,23-Jan-17,26-Apr-17, ,,FAS
116233,1,2172,2017 Spring,1,1,1, ,01-JAN-00 01.00.00.000000000 PM,01-JAN-00 02.29.00.000000000 PM,N,Y,N,Y,N,N,N,23-Jan-17,26-Apr-17, ,,FAS
116469,1,2172,2017 Spring,1,1,1, ,01-JAN-00 09.00.00.000000000 AM,01-JAN-00 09.59.00.000000000 AM,Y,Y,Y,Y,Y,N,N,23-Jan-17,26-Apr-17, ,,FAS
116469,1,2172,2017 Spring,1,1,2, ,01-JAN-00 10.00.00.000000000 AM,01-JAN-00 10.59.00.000000000 AM,N,Y,N,Y,N,N,N,23-Jan-17,26-Apr-17, ,,FAS
116503,1,2172,2017 Spring,1,1,1, ,01-JAN-00 10.00.00.000000000 AM,01-JAN-00 11.29.00.000000000 AM,N,Y,N,Y,N,N,N,23-Jan-17,26-Apr-17, ,,FAS
116504,1,2172,2017 Spring,1,1,1, ,,,N,N,N,N,N,N,N,23-Jan-17,26-Apr-17, ,,FAS
116507,1,2172,2017 Spring,1,1,1, ,,,N,N,N,N,N,N,N,23-Jan-17,26-Apr-17, ,,FAS
116509,1,2172,2017 Spring,1,1,1, ,01-JAN-00 02.30.00.000000000 PM,01-JAN-00 03.59.00.000000000 PM,Y,N,N,N,N,N,N,23-Jan-17,26-Apr-17, ,,FAS
116539,1,2172,2017 Spring,1,1,1, ,,,N,N,N,N,N,N,N,23-Jan-17,26-Apr-17, ,,FAS
116549,1,2172,2017 Spring,1,1,1, ,,,N,N,N,N,N,N,N,23-Jan-17,26-Apr-17, ,,FAS
116549,1,2172,2017 Spring,1,2,1, ,,,N,N,N,N,N,N,N,23-Jan-17,26-Apr-17, ,,FAS
116549,1,2172,2017 Spring,1,3,1, ,,,N,N,N,N,N,N,N,23-Jan-17,26-Apr-17, ,,FAS
116549,1,2172,2017 Spring,1,4,1, ,,,N,N,N,N,N,N,N,23-Jan-17,26-Apr-17, ,,FAS
116549,1,2172,2017 Spring,1,5,1, ,,,N,N,N,N,N,N,N,23-Jan-17,26-Apr-17, ,,FAS
116549,1,2172,2017 Spring,1,6,1, ,,,N,N,N,N,N,N,N,23-Jan-17,26-Apr-17, ,,FAS
116549,1,2172,2017 Spring,1,7,1, ,,,N,N,N,N,N,N,N,23-Jan-17,26-Apr-17, ,,FAS
116549,1,2172,2017 Spring,1,8,1, ,,,N,N,N,N,N,N,N,23-Jan-17,26-Apr-17, ,,FAS
116549,1,2172,2017 Spring,1,9,1, ,,,N,N,N,N,N,N,N,23-Jan-17,26-Apr-17, ,,FAS
116549,1,2172,2017 Spring,1,10,1, ,,,N,N,N,N,N,N,N,23-Jan-17,26-Apr-17, ,,FAS
116549,1,2172,2017 Spring,1,11,1, ,,,N,N,N,N,N,N,N,23-Jan-17,26-Apr-17, ,,FAS
116549,1,2172,2017 Spring,1,12,1, ,,,N,N,N,N,N,N,N,23-Jan-17,26-Apr-17, ,,FAS
116549,1,2172,2017 Spring,1,13,1, ,,,N,N,N,N,N,N,N,23-Jan-17,26-Apr-17, ,,FAS
116549,1,2172,2017 Spring,1,14,1, ,,,N,N,N,N,N,N,N,23-Jan-17,26-Apr-17, ,,FAS
116549,1,2172,2017 Spring,1,15,1, ,,,N,N,N,N,N,N,N,23-Jan-17,26-Apr-17, ,,FAS
116549,1,2172,2017 Spring,1,16,1, ,,,N,N,N,N,N,N,N,23-Jan-17,26-Apr-17, ,,FAS
116549,1,2172,2017 Spring,1,17,1, ,,,N,N,N,N,N,N,N,23-Jan-17,26-Apr-17, ,,FAS
116549,1,2172,2017 Spring,1,18,1, ,,,N,N,N,N,N,N,N,23-Jan-17,26-Apr-17, ,,FAS
116549,1,2172,2017 Spring,1,19,1, ,,,N,N,N,N,N,N,N,23-Jan-17,26-Apr-17, ,,FAS
116549,1,2172,2017 Spring,1,20,1, ,,,N,N,N,N,N,N,N,23-Jan-17,26-Apr-17, ,,FAS
116549,1,2172,2017 Spring,1,21,1, ,,,N,N,N,N,N,N,N,23-Jan-17,26-Apr-17, ,,FAS
116549,1,2172,2017 Spring,1,22,1, ,,,N,N,N,N,N,N,N,23-Jan-17,26-Apr-17, ,,FAS
116572,1,2172,2017 Spring,1,1,1, ,,,N,N,N,N,N,N,N,23-Jan-17,26-Apr-17, ,,FAS
116573,1,2172,2017 Spring,1,1,1, ,,,N,N,N,N,N,N,N,23-Jan-17,26-Apr-17, ,,FAS
116574,1,2172,2017 Spring,1,1,1, ,,,N,N,N,N,N,N,N,23-Jan-17,26-Apr-17, ,,FAS
116575,1,2172,2017 Spring,1,1,1, ,,,N,N,N,N,N,N,N,23-Jan-17,26-Apr-17, ,,FAS
116576,1,2172,2017 Spring,1,1,1, ,,,N,N,N,N,N,N,N,23-Jan-17,26-Apr-17, ,,FAS
116577,1,2172,2017 Spring,1,1,1, ,,,N,N,N,N,N,N,N,23-Jan-17,26-Apr-17, ,,FAS
116593,1,2172,2017 Spring,1,1,1, ,,,N,N,N,N,N,N,N,23-Jan-17,26-Apr-17, ,,FAS
117520,1,2172,2017 Spring,1,1,1, ,,,N,N,N,N,N,N,N,23-Jan-17,26-Apr-17, ,,FAS
117526,1,2172,2017 Spring,1,1,1, ,,,N,N,N,N,N,N,N,23-Jan-17,26-Apr-17, ,,FAS
117548,1,2172,2017 Spring,1,1,1, ,,,N,N,N,N,N,N,N,23-Jan-17,26-Apr-17, ,,FAS
117620,1,2172,2017 Spring,1,1,1, ,,,N,N,N,N,N,N,N,23-Jan-17,26-Apr-17, ,,FAS
118124,1,2172,2017 Spring,1,1,1, ,,,N,N,N,N,N,N,N,23-Jan-17,26-Apr-17, ,,FAS
118193,1,2172,2017 Spring,1,1,1, ,,,N,N,N,N,N,N,N,23-Jan-17,26-Apr-17, ,,FAS
118254,1,2172,2017 Spring,1,1,1, ,01-JAN-00 10.00.00.000000000 AM,01-JAN-00 10.59.00.000000000 AM,Y,N,Y,N,N,N,N,23-Jan-17,26-Apr-17, ,,FAS
118254,1,2172,2017 Spring,1,103,1, ,01-JAN-00 12.00.00.000000000 PM,01-JAN-00 12.59.00.000000000 PM,N,N,Y,N,N,N,N,23-Jan-17,26-Apr-17, ,,FAS
118254,1,2172,2017 Spring,1,101,1, ,01-JAN-00 11.00.00.000000000 AM,01-JAN-00 11.59.00.000000000 AM,N,N,N,N,Y,N,N,23-Jan-17,26-Apr-17, ,,FAS
118254,1,2172,2017 Spring,1,102,1, ,01-JAN-00 05.00.00.000000000 PM,01-JAN-00 05.59.00.000000000 PM,N,N,N,Y,N,N,N,23-Jan-17,26-Apr-17, ,,FAS
119062,1,2172,2017 Spring,1,1,1, ,01-JAN-00 10.00.00.000000000 AM,01-JAN-00 11.29.00.000000000 AM,N,Y,N,Y,N,N,N,23-Jan-17,26-Apr-17, ,,FAS
120237,1,2172,2017 Spring,1,1,1, ,01-JAN-00 11.30.00.000000000 AM,01-JAN-00 12.59.00.000000000 PM,N,Y,N,Y,N,N,N,23-Jan-17,26-Apr-17, ,,FAS
121934,1,2172,2017 Spring,1,1,1, ,01-JAN-00 01.00.00.000000000 PM,01-JAN-00 01.59.00.000000000 PM,Y,Y,Y,Y,N,N,N,23-Jan-17,26-Apr-17, ,,FAS
124332,1,2172,2017 Spring,1,1,1, ,01-JAN-00 10.00.00.000000000 AM,01-JAN-00 10.59.00.000000000 AM,Y,Y,Y,Y,Y,N,N,23-Jan-17,26-Apr-17, ,,FAS
124332,1,2172,2017 Spring,1,1,2, ,01-JAN-00 11.00.00.000000000 AM,01-JAN-00 11.59.00.000000000 AM,N,Y,N,Y,N,N,N,23-Jan-17,26-Apr-17, ,,FAS
124524,1,2172,2017 Spring,1,1,1, ,01-JAN-00 01.00.00.000000000 PM,01-JAN-00 02.29.00.000000000 PM,Y,N,Y,N,N,N,N,23-Jan-17,26-Apr-17, ,,FAS
125011,1,2172,2017 Spring,1,5,1, ,01-JAN-00 02.00.00.000000000 PM,01-JAN-00 02.59.00.000000000 PM,Y,Y,Y,Y,N,N,N,23-Jan-17,26-Apr-17, ,,FAS
125011,1,2172,2017 Spring,1,6,1, ,01-JAN-00 09.00.00.000000000 AM,01-JAN-00 09.59.00.000000000 AM,Y,Y,Y,Y,N,N,N,23-Jan-17,26-Apr-17, ,,FAS
125011,1,2172,2017 Spring,1,7,1, ,01-JAN-00 10.00.00.000000000 AM,01-JAN-00 10.59.00.000000000 AM,Y,Y,Y,Y,N,N,N,23-Jan-17,26-Apr-17, ,,FAS
125011,1,2172,2017 Spring,1,8,1, ,01-JAN-00 01.00.00.000000000 PM,01-JAN-00 01.59.00.000000000 PM,Y,Y,Y,Y,N,N,N,23-Jan-17,26-Apr-17, ,,FAS
125011,1,2172,2017 Spring,1,1,1, ,01-JAN-00 09.00.00.000000000 AM,01-JAN-00 09.59.00.000000000 AM,Y,Y,Y,Y,N,N,N,23-Jan-17,26-Apr-17, ,,FAS
125011,1,2172,2017 Spring,1,2,1, ,01-JAN-00 10.00.00.000000000 AM,01-JAN-00 10.59.00.000000000 AM,Y,Y,Y,Y,N,N,N,23-Jan-17,26-Apr-17, ,,FAS
125011,1,2172,2017 Spring,1,3,1, ,01-JAN-00 11.00.00.000000000 AM,01-JAN-00 11.59.00.000000000 AM,Y,Y,Y,Y,N,N,N,23-Jan-17,26-Apr-17, ,,FAS
125011,1,2172,2017 Spring,1,4,1, ,01-JAN-00 01.00.00.000000000 PM,01-JAN-00 01.59.00.000000000 PM,Y,Y,Y,Y,N,N,N,23-Jan-17,26-Apr-17, ,,FAS
125011,1,2172,2017 Spring,1,9,1, ,01-JAN-00 11.00.00.000000000 AM,01-JAN-00 11.59.00.000000000 AM,Y,Y,Y,Y,N,N,N,23-Jan-17,26-Apr-17, ,,FAS
125014,1,2172,2017 Spring,1,4,1, ,01-JAN-00 11.30.00.000000000 AM,01-JAN-00 12.59.00.000000000 PM,N,Y,N,Y,N,N,N,23-Jan-17,26-Apr-17, ,,FAS
125014,1,2172,2017 Spring,1,5,1, ,01-JAN-00 08.30.00.000000000 AM,01-JAN-00 09.59.00.000000000 AM,N,Y,N,Y,N,N,N,23-Jan-17,26-Apr-17, ,,FAS
125014,1,2172,2017 Spring,1,6,1, ,01-JAN-00 10.00.00.000000000 AM,01-JAN-00 11.29.00.000000000 AM,N,Y,N,Y,N,N,N,23-Jan-17,26-Apr-17, ,,FAS
125014,1,2172,2017 Spring,1,7,1, ,01-JAN-00 11.30.00.000000000 AM,01-JAN-00 12.59.00.000000000 PM,N,Y,N,Y,N,N,N,23-Jan-17,26-Apr-17, ,,FAS
125014,1,2172,2017 Spring,1,8,1, ,01-JAN-00 01.00.00.000000000 PM,01-JAN-00 02.29.00.000000000 PM,N,Y,N,Y,N,N,N,23-Jan-17,26-Apr-17, ,,FAS
125014,1,2172,2017 Spring,1,1,1, ,01-JAN-00 08.30.00.000000000 AM,01-JAN-00 09.59.00.000000000 AM,N,Y,N,Y,N,N,N,23-Jan-17,26-Apr-17, ,,FAS
125014,1,2172,2017 Spring,1,2,1, ,01-JAN-00 10.00.00.000000000 AM,01-JAN-00 11.29.00.000000000 AM,N,Y,N,Y,N,N,N,23-Jan-17,26-Apr-17, ,,FAS
125014,1,2172,2017 Spring,1,3,1, ,01-JAN-00 01.00.00.000000000 PM,01-JAN-00 02.29.00.000000000 PM,N,Y,N,Y,N,N,N,23-Jan-17,26-Apr-17, ,,FAS
125061,1,2172,2017 Spring,1,1,1, ,01-JAN-00 09.00.00.000000000 AM,01-JAN-00 09.59.00.000000000 AM,Y,Y,Y,Y,N,N,N,23-Jan-17,26-Apr-17, ,,FAS
125061,1,2172,2017 Spring,1,2,1, ,01-JAN-00 10.00.00.000000000 AM,01-JAN-00 10.59.00.000000000 AM,Y,Y,Y,Y,N,N,N,23-Jan-17,26-Apr-17, ,,FAS
125061,1,2172,2017 Spring,1,3,1, ,01-JAN-00 12.00.00.000000000 PM,01-JAN-00 12.59.00.000000000 PM,Y,Y,Y,Y,N,N,N,23-Jan-17,26-Apr-17, ,,FAS
126539,1,2172,2017 Spring,1,1,1, ,,,N,N,N,N,N,N,N,23-Jan-17,26-Apr-17, ,,FAS
126559,1,2172,2017 Spring,1,1,1, ,01-JAN-00 01.00.00.000000000 PM,01-JAN-00 03.59.00.000000000 PM,N,Y,N,N,N,N,N,23-Jan-17,26-Apr-17, ,,FAS
126610,1,2172,2017 Spring,1,1,1, ,01-JAN-00 11.00.00.000000000 AM,01-JAN-00 11.59.00.000000000 AM,Y,N,Y,N,Y,N,N,23-Jan-17,26-Apr-17, ,,FAS
126647,1,2172,2017 Spring,1,1,1, ,,,N,N,N,N,N,N,N,23-Jan-17,26-Apr-17, ,,FAS
126648,1,2172,2017 Spring,1,1,1, ,01-JAN-00 09.00.00.000000000 AM,01-JAN-00 09.59.00.000000000 AM,Y,Y,Y,Y,N,N,N,23-Jan-17,26-Apr-17, ,,FAS
126649,1,2172,2017 Spring,1,1,1, ,,,N,N,N,N,N,N,N,23-Jan-17,26-Apr-17, ,,FAS
126650,1,2172,2017 Spring,1,1,1, ,,,N,N,N,N,N,N,N,23-Jan-17,26-Apr-17, ,,FAS
126651,1,2172,2017 Spring,1,1,1, ,,,N,N,N,N,N,N,N,23-Jan-17,26-Apr-17, ,,FAS
126670,1,2172,2017 Spring,1,1,1, ,,,N,N,N,N,N,N,N,23-Jan-17,26-Apr-17, ,,FAS
126673,1,2172,2017 Spring,1,1,1, ,,,N,N,N,N,N,N,N,23-Jan-17,26-Apr-17, ,,FAS
126674,1,2172,2017 Spring,1,1,1, ,,,N,N,N,N,N,N,N,23-Jan-17,26-Apr-17, ,,FAS
126675,1,2172,2017 Spring,1,1,1, ,,,N,N,N,N,N,N,N,23-Jan-17,26-Apr-17, ,,FAS
126676,1,2172,2017 Spring,1,1,1, ,,,N,N,N,N,N,N,N,23-Jan-17,26-Apr-17, ,,FAS
126744,1,2172,2017 Spring,1,1,1, ,01-JAN-00 10.00.00.000000000 AM,01-JAN-00 11.29.00.000000000 AM,N,Y,N,Y,N,N,N,23-Jan-17,26-Apr-17, ,,FAS
126777,1,2172,2017 Spring,1,1,1, ,01-JAN-00 02.00.00.000000000 PM,01-JAN-00 03.59.00.000000000 PM,Y,N,N,N,N,N,N,23-Jan-17,26-Apr-17, ,,FAS
126786,1,2172,2017 Spring,1,1,1, ,,,N,N,N,N,N,N,N,23-Jan-17,26-Apr-17, ,,FAS
126787,1,2172,2017 Spring,1,1,1, ,,,N,N,N,N,N,N,N,23-Jan-17,26-Apr-17, ,,FAS
126933,1,2172,2017 Spring,1,3,1, ,01-JAN-00 10.00.00.000000000 AM,01-JAN-00 10.59.00.000000000 AM,Y,Y,Y,Y,N,N,N,23-Jan-17,26-Apr-17, ,,FAS
126933,1,2172,2017 Spring,1,2,1, ,01-JAN-00 12.00.00.000000000 PM,01-JAN-00 12.59.00.000000000 PM,Y,Y,Y,Y,N,N,N,23-Jan-17,26-Apr-17, ,,FAS
126933,1,2172,2017 Spring,1,1,1, ,01-JAN-00 10.00.00.000000000 AM,01-JAN-00 10.59.00.000000000 AM,Y,Y,Y,Y,N,N,N,23-Jan-17,26-Apr-17, ,,FAS
126935,1,2172,2017 Spring,1,6,1, ,01-JAN-00 10.00.00.000000000 AM,01-JAN-00 10.59.00.000000000 AM,Y,Y,Y,Y,N,N,N,23-Jan-17,26-Apr-17, ,,FAS
126935,1,2172,2017 Spring,1,1,1, ,01-JAN-00 09.00.00.000000000 AM,01-JAN-00 09.59.00.000000000 AM,Y,Y,Y,Y,N,N,N,23-Jan-17,26-Apr-17, ,,FAS
126935,1,2172,2017 Spring,1,2,1, ,01-JAN-00 10.00.00.000000000 AM,01-JAN-00 10.59.00.000000000 AM,Y,Y,Y,Y,N,N,N,23-Jan-17,26-Apr-17, ,,FAS
126935,1,2172,2017 Spring,1,3,1, ,01-JAN-00 11.00.00.000000000 AM,01-JAN-00 11.59.00.000000000 AM,Y,Y,Y,Y,N,N,N,23-Jan-17,26-Apr-17, ,,FAS
126935,1,2172,2017 Spring,1,4,1, ,01-JAN-00 12.00.00.000000000 PM,01-JAN-00 12.59.00.000000000 PM,Y,Y,Y,Y,N,N,N,23-Jan-17,26-Apr-17, ,,FAS
126935,1,2172,2017 Spring,1,5,1, ,01-JAN-00 01.00.00.000000000 PM,01-JAN-00 01.59.00.000000000 PM,Y,Y,Y,Y,N,N,N,23-Jan-17,26-Apr-17, ,,FAS
126938,1,2172,2017 Spring,1,3,1, ,01-JAN-00 10.00.00.000000000 AM,01-JAN-00 10.59.00.000000000 AM,Y,Y,Y,Y,N,N,N,23-Jan-17,26-Apr-17, ,,FAS
126938,1,2172,2017 Spring,1,2,1, ,01-JAN-00 11.00.00.000000000 AM,01-JAN-00 11.59.00.000000000 AM,Y,Y,Y,Y,N,N,N,23-Jan-17,26-Apr-17, ,,FAS
126938,1,2172,2017 Spring,1,4,1, ,01-JAN-00 09.00.00.000000000 AM,01-JAN-00 10.00.00.000000000 AM,Y,Y,Y,Y,N,N,N,23-Jan-17,26-Apr-17, ,,FAS
126942,1,2172,2017 Spring,1,3,1, ,01-JAN-00 10.00.00.000000000 AM,01-JAN-00 11.29.00.000000000 AM,N,Y,N,Y,N,N,N,23-Jan-17,26-Apr-17, ,,FAS
126942,1,2172,2017 Spring,1,4,1, ,01-JAN-00 11.30.00.000000000 AM,01-JAN-00 12.59.00.000000000 PM,N,Y,N,Y,N,N,N,23-Jan-17,26-Apr-17, ,,FAS
126942,1,2172,2017 Spring,1,1,1, ,01-JAN-00 10.00.00.000000000 AM,01-JAN-00 11.29.00.000000000 AM,N,Y,N,Y,N,N,N,23-Jan-17,26-Apr-17, ,,FAS
126942,1,2172,2017 Spring,1,2,1, ,01-JAN-00 11.30.00.000000000 AM,01-JAN-00 12.59.00.000000000 PM,N,Y,N,Y,N,N,N,23-Jan-17,26-Apr-17, ,,FAS
126997,1,2172,2017 Spring,1,3,1, ,01-JAN-00 10.00.00.000000000 AM,01-JAN-00 11.29.00.000000000 AM,N,Y,N,Y,N,N,N,23-Jan-17,26-Apr-17, ,,FAS
126997,1,2172,2017 Spring,1,1,1, ,01-JAN-00 10.00.00.000000000 AM,01-JAN-00 11.29.00.000000000 AM,N,Y,N,Y,N,N,N,23-Jan-17,26-Apr-17, ,,FAS
126997,1,2172,2017 Spring,1,2,1, ,01-JAN-00 11.30.00.000000000 AM,01-JAN-00 12.59.00.000000000 PM,N,Y,N,Y,N,N,N,23-Jan-17,26-Apr-17, ,,FAS
126998,1,2172,2017 Spring,1,1,1, ,01-JAN-00 10.00.00.000000000 AM,01-JAN-00 11.29.00.000000000 AM,N,Y,N,Y,N,N,N,23-Jan-17,26-Apr-17, ,,FAS
126998,1,2172,2017 Spring,1,2,1, ,01-JAN-00 11.30.00.000000000 AM,01-JAN-00 12.59.00.000000000 PM,N,Y,N,Y,N,N,N,23-Jan-17,26-Apr-17, ,,FAS
127583,1,2172,2017 Spring,1,1,1, ,,,N,N,N,N,N,N,N,23-Jan-17,26-Apr-17, ,,FAS
127598,1,2172,2017 Spring,1,1,1, ,01-JAN-00 10.30.00.000000000 AM,01-JAN-00 12.20.00.000000000 PM,N,N,Y,N,N,N,N,23-Jan-17,26-Apr-17, ,,FAS
127598,1,2172,2017 Spring,1,1,2, ,01-JAN-00 12.30.00.000000000 PM,01-JAN-00 01.20.00.000000000 PM,Y,N,N,N,N,N,N,23-Jan-17,26-Apr-17, ,,FAS
127599,1,2172,2017 Spring,1,1,1, ,01-JAN-00 09.30.00.000000000 AM,01-JAN-00 11.29.00.000000000 AM,N,Y,N,N,N,N,N,23-Jan-17,26-Apr-17, ,,FAS
127599,1,2172,2017 Spring,1,1,2, ,01-JAN-00 12.30.00.000000000 PM,01-JAN-00 01.20.00.000000000 PM,N,N,N,N,Y,N,N,23-Jan-17,26-Apr-17, ,,FAS
127669,1,2172,2017 Spring,1,1,1, ,,,N,N,N,N,N,N,N,23-Jan-17,26-Apr-17, ,,FAS
127686,1,2172,2017 Spring,1,1,1, ,,,N,N,N,N,N,N,N,23-Jan-17,26-Apr-17, ,,FAS
127687,1,2172,2017 Spring,1,1,1, ,,,N,N,N,N,N,N,N,23-Jan-17,26-Apr-17, ,,FAS
127688,1,2172,2017 Spring,1,1,1, ,,,N,N,N,N,N,N,N,23-Jan-17,26-Apr-17, ,,FAS
127689,1,2172,2017 Spring,1,1,1, ,,,N,N,N,N,N,N,N,23-Jan-17,26-Apr-17, ,,FAS
127690,1,2172,2017 Spring,1,1,1, ,,,N,N,N,N,N,N,N,23-Jan-17,26-Apr-17, ,,FAS
127739,1,2172,2017 Spring,1,1,1, ,,,N,N,N,N,N,N,N,23-Jan-17,26-Apr-17, ,,FAS
127757,1,2172,2017 Spring,1,1,1, ,01-JAN-00 02.30.00.000000000 PM,01-JAN-00 04.29.00.000000000 PM,N,N,N,Y,N,N,N,23-Jan-17,26-Apr-17, ,,FAS
127768,1,2172,2017 Spring,1,1,1, ,01-JAN-00 04.00.00.000000000 PM,01-JAN-00 05.59.00.000000000 PM,N,N,Y,N,N,N,N,23-Jan-17,26-Apr-17, ,,FAS
127804,1,2172,2017 Spring,1,1,1, ,01-JAN-00 09.00.00.000000000 AM,01-JAN-00 09.59.00.000000000 AM,Y,Y,Y,Y,Y,N,N,23-Jan-17,26-Apr-17, ,,FAS
127804,1,2172,2017 Spring,1,2,1, ,01-JAN-00 10.00.00.000000000 AM,01-JAN-00 10.59.00.000000000 AM,Y,Y,Y,Y,Y,N,N,23-Jan-17,26-Apr-17, ,,FAS
127804,1,2172,2017 Spring,1,3,1, ,01-JAN-00 12.00.00.000000000 PM,01-JAN-00 12.59.00.000000000 PM,Y,Y,Y,Y,Y,N,N,23-Jan-17,26-Apr-17, ,,FAS
127859,1,2172,2017 Spring,1,1,1, ,01-JAN-00 02.00.00.000000000 PM,01-JAN-00 03.59.00.000000000 PM,N,N,Y,N,N,N,N,23-Jan-17,26-Apr-17, ,,FAS
127863,1,2172,2017 Spring,1,1,1, ,01-JAN-00 09.00.00.000000000 AM,01-JAN-00 09.59.00.000000000 AM,Y,Y,Y,Y,N,N,N,23-Jan-17,26-Apr-17, ,,FAS
127863,1,2172,2017 Spring,1,2,1, ,01-JAN-00 12.00.00.000000000 PM,01-JAN-00 12.59.00.000000000 PM,Y,Y,Y,Y,N,N,N,23-Jan-17,26-Apr-17, ,,FAS
127889,1,2172,2017 Spring,1,1,1, ,01-JAN-00 01.00.00.000000000 PM,01-JAN-00 01.59.00.000000000 PM,N,Y,N,N,N,N,N,23-Jan-17,26-Apr-17, ,,FAS
127889,1,2172,2017 Spring,1,1,2, ,01-JAN-00 01.00.00.000000000 PM,01-JAN-00 01.59.00.000000000 PM,N,N,N,Y,N,N,N,23-Jan-17,26-Apr-17, ,,FAS
127929,1,2172,2017 Spring,1,1,1, ,,,N,N,N,N,N,N,N,23-Jan-17,26-Apr-17, ,,FAS
127934,1,2172,2017 Spring,1,1,1, ,,,N,N,N,N,N,N,N,23-Jan-17,26-Apr-17, ,,FAS
128053,1,2172,2017 Spring,1,1,1, ,01-JAN-00 03.00.00.000000000 PM,01-JAN-00 04.59.00.000000000 PM,N,Y,N,N,N,N,N,23-Jan-17,26-Apr-17, ,,FAS
128073,1,2172,2017 Spring,1,1,1, ,01-JAN-00 10.00.00.000000000 AM,01-JAN-00 10.59.00.000000000 AM,Y,N,Y,N,Y,N,N,23-Jan-17,26-Apr-17, ,,FAS
128118,1,2172,2017 Spring,1,1,1, ,01-JAN-00 03.00.00.000000000 PM,01-JAN-00 04.59.00.000000000 PM,N,Y,N,N,N,N,N,23-Jan-17,26-Apr-17, ,,FAS
128122,1,2172,2017 Spring,1,1,1, ,01-JAN-00 04.00.00.000000000 PM,01-JAN-00 05.59.00.000000000 PM,N,Y,N,N,N,N,N,23-Jan-17,26-Apr-17, ,,FAS
128150,1,2172,2017 Spring,1,1,1, ,01-JAN-00 02.30.00.000000000 PM,01-JAN-00 03.59.00.000000000 PM,Y,N,Y,N,N,N,N,23-Jan-17,26-Apr-17, ,,FAS
128166,1,2172,2017 Spring,1,1,1, ,,,N,N,N,N,N,N,N,23-Jan-17,26-Apr-17, ,,FAS
128167,1,2172,2017 Spring,1,1,1, ,,,N,N,N,N,N,N,N,23-Jan-17,26-Apr-17, ,,FAS
128168,1,2172,2017 Spring,1,1,1, ,,,N,N,N,N,N,N,N,23-Jan-17,26-Apr-17, ,,FAS
128169,1,2172,2017 Spring,1,1,1, ,,,N,N,N,N,N,N,N,23-Jan-17,26-Apr-17, ,,FAS
128170,1,2172,2017 Spring,1,1,1, ,,,N,N,N,N,N,N,N,23-Jan-17,26-Apr-17, ,,FAS
128171,1,2172,2017 Spring,1,1,1, ,,,N,N,N,N,N,N,N,23-Jan-17,26-Apr-17, ,,FAS
128172,1,2172,2017 Spring,1,1,1, ,,,N,N,N,N,N,N,N,23-Jan-17,26-Apr-17, ,,FAS
128173,1,2172,2017 Spring,1,1,1, ,,,N,N,N,N,N,N,N,23-Jan-17,26-Apr-17, ,,FAS
128175,1,2172,2017 Spring,1,1,1, ,,,N,N,N,N,N,N,N,23-Jan-17,26-Apr-17, ,,FAS
128185,1,2172,2017 Spring,1,1,1, ,,,N,N,N,N,N,N,N,23-Jan-17,26-Apr-17, ,,FAS
128186,1,2172,2017 Spring,1,1,1, ,,,N,N,N,N,N,N,N,23-Jan-17,26-Apr-17, ,,FAS
128190,1,2172,2017 Spring,1,1,1, ,,,N,N,N,N,N,N,N,23-Jan-17,26-Apr-17, ,,FAS
128265,1,2172,2017 Spring,1,1,1, ,01-JAN-00 09.00.00.000000000 AM,01-JAN-00 09.59.00.000000000 AM,Y,Y,Y,Y,N,N,N,23-Jan-17,26-Apr-17, ,,FAS
128266,1,2172,2017 Spring,1,1,1, ,01-JAN-00 12.00.00.000000000 PM,01-JAN-00 12.59.00.000000000 PM,Y,Y,Y,Y,N,N,N,23-Jan-17,26-Apr-17, ,,FAS
131285,1,2172,2017 Spring,1,1,1, ,,,N,N,N,N,N,N,N,23-Jan-17,26-Apr-17, ,,FAS
131405,1,2172,2017 Spring,1,1,1, ,,,N,N,N,N,N,N,N,23-Jan-17,26-Apr-17, ,,FAS
131524,1,2172,2017 Spring,1,1,1, ,,,N,N,N,N,N,N,N,23-Jan-17,26-Apr-17, ,,FAS
131766,1,2172,2017 Spring,1,1,1, ,,,N,N,N,N,N,N,N,23-Jan-17,26-Apr-17, ,,FAS
133437,1,2172,2017 Spring,1,1,1, ,,,N,N,N,N,N,N,N,23-Jan-17,26-Apr-17, ,,FAS
133725,1,2172,2017 Spring,1,1,1, ,,,N,N,N,N,N,N,N,23-Jan-17,26-Apr-17, ,,FAS
140160,1,2172,2017 Spring,1,1,1, ,,,N,N,N,N,N,N,N,23-Jan-17,26-Apr-17, ,,FAS
141598,1,2172,2017 Spring,1,1,1, ,,,N,N,N,N,N,N,N,23-Jan-17,26-Apr-17, ,,FAS
146387,1,2172,2017 Spring,1,1,1, ,01-JAN-00 02.00.00.000000000 PM,01-JAN-00 04.59.00.000000000 PM,N,N,Y,N,N,N,N,23-Jan-17,26-Apr-17, ,,FAS
146443,1,2172,2017 Spring,1,1,1, ,,,N,N,N,N,N,N,N,23-Jan-17,26-Apr-17, ,,FAS
146614,1,2172,2017 Spring,1,1,1, ,,,N,N,N,N,N,N,N,23-Jan-17,26-Apr-17, ,,FAS
146665,1,2172,2017 Spring,1,1,1, ,,,N,N,N,N,N,N,N,23-Jan-17,26-Apr-17, ,,FAS
146667,1,2172,2017 Spring,1,1,1, ,,,N,N,N,N,N,N,N,23-Jan-17,26-Apr-17, ,,FAS
146711,1,2172,2017 Spring,1,1,1, ,,,N,N,N,N,N,N,N,23-Jan-17,26-Apr-17, ,,FAS
150200,1,2172,2017 Spring,1,1,1, ,,,N,N,N,N,N,N,N,23-Jan-17,26-Apr-17, ,,FAS
150200,1,2172,2017 Spring,1,2,1, ,,,N,N,N,N,N,N,N,23-Jan-17,26-Apr-17, ,,FAS
150200,1,2172,2017 Spring,1,10,1, ,,,N,N,N,N,N,N,N,23-Jan-17,26-Apr-17, ,,FAS
150200,1,2172,2017 Spring,1,11,1, ,,,N,N,N,N,N,N,N,23-Jan-17,26-Apr-17, ,,FAS
150200,1,2172,2017 Spring,1,12,1, ,,,N,N,N,N,N,N,N,23-Jan-17,26-Apr-17, ,,FAS
150200,1,2172,2017 Spring,1,13,1, ,,,N,N,N,N,N,N,N,23-Jan-17,26-Apr-17, ,,FAS
150200,1,2172,2017 Spring,1,3,1, ,,,N,N,N,N,N,N,N,23-Jan-17,26-Apr-17, ,,FAS
150200,1,2172,2017 Spring,1,4,1, ,,,N,N,N,N,N,N,N,23-Jan-17,26-Apr-17, ,,FAS
150200,1,2172,2017 Spring,1,5,1, ,,,N,N,N,N,N,N,N,23-Jan-17,26-Apr-17, ,,FAS
150200,1,2172,2017 Spring,1,6,1, ,,,N,N,N,N,N,N,N,23-Jan-17,26-Apr-17, ,,FAS
150200,1,2172,2017 Spring,1,7,1, ,,,N,N,N,N,N,N,N,23-Jan-17,26-Apr-17, ,,FAS
150200,1,2172,2017 Spring,1,8,1, ,,,N,N,N,N,N,N,N,23-Jan-17,26-Apr-17, ,,FAS
150200,1,2172,2017 Spring,1,9,1, ,,,N,N,N,N,N,N,N,23-Jan-17,26-Apr-17, ,,FAS
156461,1,2172,2017 Spring,1,1,1, ,01-JAN-00 12.00.00.000000000 PM,01-JAN-00 01.59.00.000000000 PM,N,N,Y,N,N,N,N,23-Jan-17,26-Apr-17, ,,FAS
156944,1,2172,2017 Spring,1,1,1, ,01-JAN-00 09.00.00.000000000 AM,01-JAN-00 09.59.00.000000000 AM,Y,N,Y,N,Y,N,N,23-Jan-17,26-Apr-17, ,,FAS
156944,1,2172,2017 Spring,1,1,2, ,01-JAN-00 09.00.00.000000000 AM,01-JAN-00 11.29.00.000000000 AM,N,Y,N,Y,N,N,N,23-Jan-17,26-Apr-17, ,,FAS
159567,1,2172,2017 Spring,1,1,1, ,01-JAN-00 01.00.00.000000000 PM,01-JAN-00 02.29.00.000000000 PM,Y,N,Y,N,N,N,N,23-Jan-17,26-Apr-17, ,,FAS
159848,1,2172,2017 Spring,1,1,1, ,01-JAN-00 10.00.00.000000000 AM,01-JAN-00 10.59.00.000000000 AM,N,N,Y,N,N,N,N,23-Jan-17,26-Apr-17, ,,FAS
159849,1,2172,2017 Spring,1,1,1, ,,,N,N,N,N,N,N,N,23-Jan-17,26-Apr-17, ,,FAS
159850,1,2172,2017 Spring,1,1,1, ,,,N,N,N,N,N,N,N,23-Jan-17,26-Apr-17, ,,FAS
159851,1,2172,2017 Spring,1,1,1, ,,,N,N,N,N,N,N,N,23-Jan-17,26-Apr-17, ,,FAS
159852,1,2172,2017 Spring,1,1,1, ,,,N,N,N,N,N,N,N,23-Jan-17,26-Apr-17, ,,FAS
159853,1,2172,2017 Spring,1,1,1, ,01-JAN-00 11.00.00.000000000 AM,01-JAN-00 11.59.00.000000000 AM,N,Y,N,Y,N,N,N,23-Jan-17,26-Apr-17, ,,FAS
159854,1,2172,2017 Spring,1,1,1, ,,,N,N,N,N,N,N,N,23-Jan-17,26-Apr-17, ,,FAS
159855,1,2172,2017 Spring,1,1,1, ,,,N,N,N,N,N,N,N,23-Jan-17,26-Apr-17, ,,FAS
159859,1,2172,2017 Spring,1,1,1, ,,,N,N,N,N,N,N,N,23-Jan-17,26-Apr-17, ,,FAS
159860,1,2172,2017 Spring,1,1,1, ,01-JAN-00 01.00.00.000000000 PM,01-JAN-00 03.59.00.000000000 PM,N,Y,N,N,N,N,N,23-Jan-17,26-Apr-17, ,,FAS
159860,1,2172,2017 Spring,1,1,2, ,01-JAN-00 01.00.00.000000000 PM,01-JAN-00 04.59.00.000000000 PM,N,N,N,Y,N,N,N,23-Jan-17,26-Apr-17, ,,FAS
159861,1,2172,2017 Spring,1,1,1, ,,,N,N,N,N,N,N,N,23-Jan-17,26-Apr-17, ,,FAS
159862,1,2172,2017 Spring,1,1,1, ,,,N,N,N,N,N,N,N,23-Jan-17,26-Apr-17, ,,FAS
159863,1,2172,2017 Spring,1,1,1, ,,,N,N,N,N,N,N,N,23-Jan-17,26-Apr-17, ,,FAS
159865,1,2172,2017 Spring,1,1,1, ,,,N,N,N,N,N,N,N,23-Jan-17,26-Apr-17, ,,FAS
159869,1,2172,2017 Spring,1,1,1, ,,,N,N,N,N,N,N,N,23-Jan-17,26-Apr-17, ,,FAS
159870,1,2172,2017 Spring,1,1,1, ,,,N,N,N,N,N,N,N,23-Jan-17,26-Apr-17, ,,FAS
159871,1,2172,2017 Spring,1,1,1, ,01-JAN-00 11.00.00.000000000 AM,01-JAN-00 11.59.00.000000000 AM,Y,N,Y,N,Y,N,N,23-Jan-17,26-Apr-17, ,,FAS
159872,1,2172,2017 Spring,1,1,1, ,,,N,N,N,N,N,N,N,23-Jan-17,26-Apr-17, ,,FAS
159873,1,2172,2017 Spring,1,1,1, ,,,N,N,N,N,N,N,N,23-Jan-17,26-Apr-17, ,,FAS
159876,1,2172,2017 Spring,1,1,1, ,01-JAN-00 09.00.00.000000000 AM,01-JAN-00 09.59.00.000000000 AM,Y,Y,Y,Y,Y,N,N,23-Jan-17,26-Apr-17, ,,FAS
159876,1,2172,2017 Spring,1,2,1, ,01-JAN-00 10.00.00.000000000 AM,01-JAN-00 10.59.00.000000000 AM,Y,Y,Y,Y,Y,N,N,23-Jan-17,26-Apr-17, ,,FAS
159876,1,2172,2017 Spring,1,3,1, ,01-JAN-00 11.00.00.000000000 AM,01-JAN-00 11.59.00.000000000 AM,Y,Y,Y,Y,Y,N,N,23-Jan-17,26-Apr-17, ,,FAS
159876,1,2172,2017 Spring,1,5,1, ,01-JAN-00 09.00.00.000000000 AM,01-JAN-00 09.59.00.000000000 AM,Y,Y,Y,Y,Y,N,N,23-Jan-17,26-Apr-17, ,,FAS
159876,1,2172,2017 Spring,1,6,1, ,01-JAN-00 10.00.00.000000000 AM,01-JAN-00 10.59.00.000000000 AM,Y,Y,Y,Y,Y,N,N,23-Jan-17,26-Apr-17, ,,FAS
159876,1,2172,2017 Spring,1,4,1, ,01-JAN-00 12.00.00.000000000 PM,01-JAN-00 12.59.00.000000000 PM,Y,Y,Y,Y,Y,N,N,23-Jan-17,26-Apr-17, ,,FAS
161075,1,2172,2017 Spring,1,1,1, ,,,N,N,N,N,N,N,N,23-Jan-17,26-Apr-17, ,,FAS
161076,1,2172,2017 Spring,1,1,1, ,,,N,N,N,N,N,N,N,23-Jan-17,26-Apr-17, ,,FAS
161178,1,2172,2017 Spring,1,1,1, ,,,N,N,N,N,N,N,N,23-Jan-17,26-Apr-17, ,,FAS
161201,1,2172,2017 Spring,1,1,1, ,01-JAN-00 10.00.00.000000000 AM,01-JAN-00 11.29.00.000000000 AM,N,Y,N,Y,N,N,N,23-Jan-17,26-Apr-17, ,,FAS
161207,1,2172,2017 Spring,1,1,1, ,01-JAN-00 01.00.00.000000000 PM,01-JAN-00 02.29.00.000000000 PM,Y,N,Y,N,N,N,N,23-Jan-17,26-Apr-17, ,,FAS
200032,1,2172,2017 Spring,1,1,1, ,01-JAN-00 03.00.00.000000000 PM,01-JAN-00 06.00.00.000000000 PM,N,N,Y,N,N,N,N,23-Jan-17,25-Apr-17, ,,GSD
200258,1,2172,2017 Spring,1,1,1, ,01-JAN-00 10.00.00.000000000 AM,01-JAN-00 11.30.00.000000000 AM,N,Y,N,Y,N,N,N,23-Jan-17,25-Apr-17, ,,GSD
200260,1,2172,2017 Spring,1,1,1, ,01-JAN-00 01.00.00.000000000 PM,01-JAN-00 03.00.00.000000000 PM,N,Y,N,N,N,N,N,23-Jan-17,25-Apr-17, ,,GSD
200494,1,2172,2017 Spring,1,1,1, ,01-JAN-00 02.00.00.000000000 PM,01-JAN-00 05.30.00.000000000 PM,Y,N,N,N,N,N,N,23-Jan-17,25-Apr-17, ,,GSD
200509,1,2172,2017 Spring,1,1,1, ,01-JAN-00 08.30.00.000000000 AM,01-JAN-00 11.30.00.000000000 AM,N,N,Y,N,N,N,N,23-Jan-17,25-Apr-17, ,,GSD
200582,1,2172,2017 Spring,1,1,1, ,01-JAN-00 10.00.00.000000000 AM,01-JAN-00 01.00.00.000000000 PM,N,N,N,Y,N,N,N,23-Jan-17,25-Apr-17, ,,GSD
203096,1,2172,2017 Spring,1,1,1, ,01-JAN-00 12.00.00.000000000 PM,01-JAN-00 01.59.00.000000000 PM,N,Y,N,N,N,N,N,23-Jan-17,26-Apr-17, ,,FAS
203228,1,2172,2017 Spring,1,1,1, ,01-JAN-00 11.00.00.000000000 AM,01-JAN-00 11.59.00.000000000 AM,Y,N,Y,N,Y,N,N,23-Jan-17,26-Apr-17, ,,FAS
